flight_id,aircraft_code,departure_airport,arrival_airport,scheduled_departure,departure_delay,arrival_delay,actual_duration,status,seats_count,amount,ticket_economy,ticket_comfort,ticket_bisiness
136119,733,AAQ,SVO,2017-01-03T10:05:00Z,0 years 0 mons 0 days 0 hours 3 mins 0.00 secs,0 years 0 mons 0 days 0 hours 4 mins 0.00 secs,0 years 0 mons 0 days 1 hours 41 mins 0.00 secs,Arrived,130,12200.00,97,0,0
136119,733,AAQ,SVO,2017-01-03T10:05:00Z,0 years 0 mons 0 days 0 hours 3 mins 0.00 secs,0 years 0 mons 0 days 0 hours 4 mins 0.00 secs,0 years 0 mons 0 days 1 hours 41 mins 0.00 secs,Arrived,130,13400.00,5,0,0
136119,733,AAQ,SVO,2017-01-03T10:05:00Z,0 years 0 mons 0 days 0 hours 3 mins 0.00 secs,0 years 0 mons 0 days 0 hours 4 mins 0.00 secs,0 years 0 mons 0 days 1 hours 41 mins 0.00 secs,Arrived,130,36600.00,0,0,11
136120,733,AAQ,SVO,2017-02-24T10:05:00Z,0 years 0 mons 0 days 0 hours 2 mins 0.00 secs,0 years 0 mons 0 days 0 hours 1 mins 0.00 secs,0 years 0 mons 0 days 1 hours 39 mins 0.00 secs,Arrived,130,12200.00,92,0,0
136120,733,AAQ,SVO,2017-02-24T10:05:00Z,0 years 0 mons 0 days 0 hours 2 mins 0.00 secs,0 years 0 mons 0 days 0 hours 1 mins 0.00 secs,0 years 0 mons 0 days 1 hours 39 mins 0.00 secs,Arrived,130,13400.00,6,0,0
136120,733,AAQ,SVO,2017-02-24T10:05:00Z,0 years 0 mons 0 days 0 hours 2 mins 0.00 secs,0 years 0 mons 0 days 0 hours 1 mins 0.00 secs,0 years 0 mons 0 days 1 hours 39 mins 0.00 secs,Arrived,130,36600.00,0,0,11
136122,733,AAQ,SVO,2017-01-08T10:05:00Z,0 years 0 mons 0 days 0 hours 3 mins 0.00 secs,0 years 0 mons 0 days 0 hours 3 mins 0.00 secs,0 years 0 mons 0 days 1 hours 40 mins 0.00 secs,Arrived,130,12200.00,84,0,0
136122,733,AAQ,SVO,2017-01-08T10:05:00Z,0 years 0 mons 0 days 0 hours 3 mins 0.00 secs,0 years 0 mons 0 days 0 hours 3 mins 0.00 secs,0 years 0 mons 0 days 1 hours 40 mins 0.00 secs,Arrived,130,13400.00,3,0,0
136122,733,AAQ,SVO,2017-01-08T10:05:00Z,0 years 0 mons 0 days 0 hours 3 mins 0.00 secs,0 years 0 mons 0 days 0 hours 3 mins 0.00 secs,0 years 0 mons 0 days 1 hours 40 mins 0.00 secs,Arrived,130,36600.00,0,0,10
136130,733,AAQ,SVO,2017-02-13T10:05:00Z,0 years 0 mons 0 days 0 hours 2 mins 0.00 secs,0 years 0 mons 0 days 0 hours 1 mins 0.00 secs,0 years 0 mons 0 days 1 hours 39 mins 0.00 secs,Arrived,130,12200.00,91,0,0
136130,733,AAQ,SVO,2017-02-13T10:05:00Z,0 years 0 mons 0 days 0 hours 2 mins 0.00 secs,0 years 0 mons 0 days 0 hours 1 mins 0.00 secs,0 years 0 mons 0 days 1 hours 39 mins 0.00 secs,Arrived,130,13400.00,6,0,0
136130,733,AAQ,SVO,2017-02-13T10:05:00Z,0 years 0 mons 0 days 0 hours 2 mins 0.00 secs,0 years 0 mons 0 days 0 hours 1 mins 0.00 secs,0 years 0 mons 0 days 1 hours 39 mins 0.00 secs,Arrived,130,36600.00,0,0,10
136131,733,AAQ,SVO,2017-01-28T10:05:00Z,0 years 0 mons 0 days 0 hours 2 mins 0.00 secs,0 years 0 mons 0 days 0 hours 1 mins 0.00 secs,0 years 0 mons 0 days 1 hours 39 mins 0.00 secs,Arrived,130,12200.00,106,0,0
136131,733,AAQ,SVO,2017-01-28T10:05:00Z,0 years 0 mons 0 days 0 hours 2 mins 0.00 secs,0 years 0 mons 0 days 0 hours 1 mins 0.00 secs,0 years 0 mons 0 days 1 hours 39 mins 0.00 secs,Arrived,130,13400.00,6,0,0
136131,733,AAQ,SVO,2017-01-28T10:05:00Z,0 years 0 mons 0 days 0 hours 2 mins 0.00 secs,0 years 0 mons 0 days 0 hours 1 mins 0.00 secs,0 years 0 mons 0 days 1 hours 39 mins 0.00 secs,Arrived,130,36600.00,0,0,12
136132,733,AAQ,SVO,2017-02-15T10:05:00Z,0 years 0 mons 0 days 0 hours 4 mins 0.00 secs,0 years 0 mons 0 days 0 hours 3 mins 0.00 secs,0 years 0 mons 0 days 1 hours 39 mins 0.00 secs,Arrived,130,12200.00,99,0,0
136132,733,AAQ,SVO,2017-02-15T10:05:00Z,0 years 0 mons 0 days 0 hours 4 mins 0.00 secs,0 years 0 mons 0 days 0 hours 3 mins 0.00 secs,0 years 0 mons 0 days 1 hours 39 mins 0.00 secs,Arrived,130,13400.00,5,0,0
136132,733,AAQ,SVO,2017-02-15T10:05:00Z,0 years 0 mons 0 days 0 hours 4 mins 0.00 secs,0 years 0 mons 0 days 0 hours 3 mins 0.00 secs,0 years 0 mons 0 days 1 hours 39 mins 0.00 secs,Arrived,130,36600.00,0,0,12
136135,733,AAQ,SVO,2017-02-01T10:05:00Z,0 years 0 mons 0 days 0 hours 3 mins 0.00 secs,0 years 0 mons 0 days 0 hours 3 mins 0.00 secs,0 years 0 mons 0 days 1 hours 40 mins 0.00 secs,Arrived,130,12200.00,98,0,0
136135,733,AAQ,SVO,2017-02-01T10:05:00Z,0 years 0 mons 0 days 0 hours 3 mins 0.00 secs,0 years 0 mons 0 days 0 hours 3 mins 0.00 secs,0 years 0 mons 0 days 1 hours 40 mins 0.00 secs,Arrived,130,13400.00,6,0,0
136135,733,AAQ,SVO,2017-02-01T10:05:00Z,0 years 0 mons 0 days 0 hours 3 mins 0.00 secs,0 years 0 mons 0 days 0 hours 3 mins 0.00 secs,0 years 0 mons 0 days 1 hours 40 mins 0.00 secs,Arrived,130,36600.00,0,0,11
136146,733,AAQ,SVO,2017-02-09T10:05:00Z,0 years 0 mons 0 days 0 hours 3 mins 0.00 secs,0 years 0 mons 0 days 0 hours 3 mins 0.00 secs,0 years 0 mons 0 days 1 hours 40 mins 0.00 secs,Arrived,130,12200.00,93,0,0
136146,733,AAQ,SVO,2017-02-09T10:05:00Z,0 years 0 mons 0 days 0 hours 3 mins 0.00 secs,0 years 0 mons 0 days 0 hours 3 mins 0.00 secs,0 years 0 mons 0 days 1 hours 40 mins 0.00 secs,Arrived,130,13400.00,5,0,0
136146,733,AAQ,SVO,2017-02-09T10:05:00Z,0 years 0 mons 0 days 0 hours 3 mins 0.00 secs,0 years 0 mons 0 days 0 hours 3 mins 0.00 secs,0 years 0 mons 0 days 1 hours 40 mins 0.00 secs,Arrived,130,36600.00,0,0,11
136159,733,AAQ,SVO,2017-01-04T10:05:00Z,0 years 0 mons 0 days 0 hours 2 mins 0.00 secs,0 years 0 mons 0 days 0 hours 0 mins 0.00 secs,0 years 0 mons 0 days 1 hours 38 mins 0.00 secs,Arrived,130,12200.00,99,0,0
136159,733,AAQ,SVO,2017-01-04T10:05:00Z,0 years 0 mons 0 days 0 hours 2 mins 0.00 secs,0 years 0 mons 0 days 0 hours 0 mins 0.00 secs,0 years 0 mons 0 days 1 hours 38 mins 0.00 secs,Arrived,130,13400.00,4,0,0
136159,733,AAQ,SVO,2017-01-04T10:05:00Z,0 years 0 mons 0 days 0 hours 2 mins 0.00 secs,0 years 0 mons 0 days 0 hours 0 mins 0.00 secs,0 years 0 mons 0 days 1 hours 38 mins 0.00 secs,Arrived,130,36600.00,0,0,12
136164,733,AAQ,SVO,2017-01-07T10:05:00Z,0 years 0 mons 0 days 0 hours 2 mins 0.00 secs,0 years 0 mons 0 days 0 hours 1 mins 0.00 secs,0 years 0 mons 0 days 1 hours 39 mins 0.00 secs,Arrived,130,12200.00,104,0,0
136164,733,AAQ,SVO,2017-01-07T10:05:00Z,0 years 0 mons 0 days 0 hours 2 mins 0.00 secs,0 years 0 mons 0 days 0 hours 1 mins 0.00 secs,0 years 0 mons 0 days 1 hours 39 mins 0.00 secs,Arrived,130,13400.00,5,0,0
136164,733,AAQ,SVO,2017-01-07T10:05:00Z,0 years 0 mons 0 days 0 hours 2 mins 0.00 secs,0 years 0 mons 0 days 0 hours 1 mins 0.00 secs,0 years 0 mons 0 days 1 hours 39 mins 0.00 secs,Arrived,130,36600.00,0,0,11
136165,733,AAQ,SVO,2017-02-22T10:05:00Z,0 years 0 mons 0 days 0 hours 6 mins 0.00 secs,0 years 0 mons 0 days 0 hours 7 mins 0.00 secs,0 years 0 mons 0 days 1 hours 41 mins 0.00 secs,Arrived,130,12200.00,96,0,0
136165,733,AAQ,SVO,2017-02-22T10:05:00Z,0 years 0 mons 0 days 0 hours 6 mins 0.00 secs,0 years 0 mons 0 days 0 hours 7 mins 0.00 secs,0 years 0 mons 0 days 1 hours 41 mins 0.00 secs,Arrived,130,13400.00,5,0,0
136165,733,AAQ,SVO,2017-02-22T10:05:00Z,0 years 0 mons 0 days 0 hours 6 mins 0.00 secs,0 years 0 mons 0 days 0 hours 7 mins 0.00 secs,0 years 0 mons 0 days 1 hours 41 mins 0.00 secs,Arrived,130,36600.00,0,0,9
136172,733,AAQ,SVO,2017-01-15T10:05:00Z,0 years 0 mons 0 days 0 hours 0 mins 0.00 secs,0 years 0 mons 0 days 0 hours -1 mins -0.00 secs,0 years 0 mons 0 days 1 hours 39 mins 0.00 secs,Arrived,130,12200.00,93,0,0
136172,733,AAQ,SVO,2017-01-15T10:05:00Z,0 years 0 mons 0 days 0 hours 0 mins 0.00 secs,0 years 0 mons 0 days 0 hours -1 mins -0.00 secs,0 years 0 mons 0 days 1 hours 39 mins 0.00 secs,Arrived,130,13400.00,6,0,0
136172,733,AAQ,SVO,2017-01-15T10:05:00Z,0 years 0 mons 0 days 0 hours 0 mins 0.00 secs,0 years 0 mons 0 days 0 hours -1 mins -0.00 secs,0 years 0 mons 0 days 1 hours 39 mins 0.00 secs,Arrived,130,36600.00,0,0,11
136178,733,AAQ,SVO,2017-01-29T10:05:00Z,0 years 0 mons 0 days 0 hours 5 mins 0.00 secs,0 years 0 mons 0 days 0 hours 4 mins 0.00 secs,0 years 0 mons 0 days 1 hours 39 mins 0.00 secs,Arrived,130,12200.00,84,0,0
136178,733,AAQ,SVO,2017-01-29T10:05:00Z,0 years 0 mons 0 days 0 hours 5 mins 0.00 secs,0 years 0 mons 0 days 0 hours 4 mins 0.00 secs,0 years 0 mons 0 days 1 hours 39 mins 0.00 secs,Arrived,130,13400.00,6,0,0
136178,733,AAQ,SVO,2017-01-29T10:05:00Z,0 years 0 mons 0 days 0 hours 5 mins 0.00 secs,0 years 0 mons 0 days 0 hours 4 mins 0.00 secs,0 years 0 mons 0 days 1 hours 39 mins 0.00 secs,Arrived,130,36600.00,0,0,9
136181,733,AAQ,SVO,2017-01-31T10:05:00Z,0 years 0 mons 0 days 0 hours 0 mins 0.00 secs,0 years 0 mons 0 days 0 hours -1 mins -0.00 secs,0 years 0 mons 0 days 1 hours 39 mins 0.00 secs,Arrived,130,12200.00,103,0,0
136181,733,AAQ,SVO,2017-01-31T10:05:00Z,0 years 0 mons 0 days 0 hours 0 mins 0.00 secs,0 years 0 mons 0 days 0 hours -1 mins -0.00 secs,0 years 0 mons 0 days 1 hours 39 mins 0.00 secs,Arrived,130,13400.00,5,0,0
136181,733,AAQ,SVO,2017-01-31T10:05:00Z,0 years 0 mons 0 days 0 hours 0 mins 0.00 secs,0 years 0 mons 0 days 0 hours -1 mins -0.00 secs,0 years 0 mons 0 days 1 hours 39 mins 0.00 secs,Arrived,130,36600.00,0,0,10
136185,733,AAQ,SVO,2017-01-14T10:05:00Z,0 years 0 mons 0 days 0 hours 1 mins 0.00 secs,0 years 0 mons 0 days 0 hours 4 mins 0.00 secs,0 years 0 mons 0 days 1 hours 43 mins 0.00 secs,Arrived,130,12200.00,88,0,0
136185,733,AAQ,SVO,2017-01-14T10:05:00Z,0 years 0 mons 0 days 0 hours 1 mins 0.00 secs,0 years 0 mons 0 days 0 hours 4 mins 0.00 secs,0 years 0 mons 0 days 1 hours 43 mins 0.00 secs,Arrived,130,13400.00,6,0,0
136185,733,AAQ,SVO,2017-01-14T10:05:00Z,0 years 0 mons 0 days 0 hours 1 mins 0.00 secs,0 years 0 mons 0 days 0 hours 4 mins 0.00 secs,0 years 0 mons 0 days 1 hours 43 mins 0.00 secs,Arrived,130,36600.00,0,0,10
136202,733,AAQ,SVO,2017-01-05T10:05:00Z,0 years 0 mons 0 days 0 hours 2 mins 0.00 secs,0 years 0 mons 0 days 0 hours 4 mins 0.00 secs,0 years 0 mons 0 days 1 hours 42 mins 0.00 secs,Arrived,130,12200.00,83,0,0
136202,733,AAQ,SVO,2017-01-05T10:05:00Z,0 years 0 mons 0 days 0 hours 2 mins 0.00 secs,0 years 0 mons 0 days 0 hours 4 mins 0.00 secs,0 years 0 mons 0 days 1 hours 42 mins 0.00 secs,Arrived,130,13400.00,6,0,0
136202,733,AAQ,SVO,2017-01-05T10:05:00Z,0 years 0 mons 0 days 0 hours 2 mins 0.00 secs,0 years 0 mons 0 days 0 hours 4 mins 0.00 secs,0 years 0 mons 0 days 1 hours 42 mins 0.00 secs,Arrived,130,36600.00,0,0,11
136204,733,AAQ,SVO,2017-02-23T10:05:00Z,0 years 0 mons 0 days 0 hours 1 mins 0.00 secs,0 years 0 mons 0 days 0 hours 1 mins 0.00 secs,0 years 0 mons 0 days 1 hours 40 mins 0.00 secs,Arrived,130,12200.00,96,0,0
136204,733,AAQ,SVO,2017-02-23T10:05:00Z,0 years 0 mons 0 days 0 hours 1 mins 0.00 secs,0 years 0 mons 0 days 0 hours 1 mins 0.00 secs,0 years 0 mons 0 days 1 hours 40 mins 0.00 secs,Arrived,130,13400.00,5,0,0
136204,733,AAQ,SVO,2017-02-23T10:05:00Z,0 years 0 mons 0 days 0 hours 1 mins 0.00 secs,0 years 0 mons 0 days 0 hours 1 mins 0.00 secs,0 years 0 mons 0 days 1 hours 40 mins 0.00 secs,Arrived,130,36600.00,0,0,6
136209,733,AAQ,SVO,2017-01-06T10:05:00Z,0 years 0 mons 0 days 0 hours 4 mins 0.00 secs,0 years 0 mons 0 days 0 hours 4 mins 0.00 secs,0 years 0 mons 0 days 1 hours 40 mins 0.00 secs,Arrived,130,12200.00,98,0,0
136209,733,AAQ,SVO,2017-01-06T10:05:00Z,0 years 0 mons 0 days 0 hours 4 mins 0.00 secs,0 years 0 mons 0 days 0 hours 4 mins 0.00 secs,0 years 0 mons 0 days 1 hours 40 mins 0.00 secs,Arrived,130,13400.00,4,0,0
136209,733,AAQ,SVO,2017-01-06T10:05:00Z,0 years 0 mons 0 days 0 hours 4 mins 0.00 secs,0 years 0 mons 0 days 0 hours 4 mins 0.00 secs,0 years 0 mons 0 days 1 hours 40 mins 0.00 secs,Arrived,130,36600.00,0,0,10
136215,733,AAQ,SVO,2017-02-28T10:05:00Z,0 years 0 mons 0 days 0 hours 4 mins 0.00 secs,0 years 0 mons 0 days 0 hours 4 mins 0.00 secs,0 years 0 mons 0 days 1 hours 40 mins 0.00 secs,Arrived,130,12200.00,99,0,0
136215,733,AAQ,SVO,2017-02-28T10:05:00Z,0 years 0 mons 0 days 0 hours 4 mins 0.00 secs,0 years 0 mons 0 days 0 hours 4 mins 0.00 secs,0 years 0 mons 0 days 1 hours 40 mins 0.00 secs,Arrived,130,13400.00,4,0,0
136215,733,AAQ,SVO,2017-02-28T10:05:00Z,0 years 0 mons 0 days 0 hours 4 mins 0.00 secs,0 years 0 mons 0 days 0 hours 4 mins 0.00 secs,0 years 0 mons 0 days 1 hours 40 mins 0.00 secs,Arrived,130,36600.00,0,0,11
136226,733,AAQ,SVO,2017-01-30T10:05:00Z,0 years 0 mons 0 days 0 hours 3 mins 0.00 secs,0 years 0 mons 0 days 0 hours 3 mins 0.00 secs,0 years 0 mons 0 days 1 hours 40 mins 0.00 secs,Arrived,130,12200.00,112,0,0
136226,733,AAQ,SVO,2017-01-30T10:05:00Z,0 years 0 mons 0 days 0 hours 3 mins 0.00 secs,0 years 0 mons 0 days 0 hours 3 mins 0.00 secs,0 years 0 mons 0 days 1 hours 40 mins 0.00 secs,Arrived,130,13400.00,6,0,0
136226,733,AAQ,SVO,2017-01-30T10:05:00Z,0 years 0 mons 0 days 0 hours 3 mins 0.00 secs,0 years 0 mons 0 days 0 hours 3 mins 0.00 secs,0 years 0 mons 0 days 1 hours 40 mins 0.00 secs,Arrived,130,36600.00,0,0,12
136249,733,AAQ,SVO,2017-02-14T10:05:00Z,0 years 0 mons 0 days 0 hours 3 mins 0.00 secs,0 years 0 mons 0 days 0 hours 1 mins 0.00 secs,0 years 0 mons 0 days 1 hours 38 mins 0.00 secs,Arrived,130,12200.00,105,0,0
136249,733,AAQ,SVO,2017-02-14T10:05:00Z,0 years 0 mons 0 days 0 hours 3 mins 0.00 secs,0 years 0 mons 0 days 0 hours 1 mins 0.00 secs,0 years 0 mons 0 days 1 hours 38 mins 0.00 secs,Arrived,130,13400.00,6,0,0
136249,733,AAQ,SVO,2017-02-14T10:05:00Z,0 years 0 mons 0 days 0 hours 3 mins 0.00 secs,0 years 0 mons 0 days 0 hours 1 mins 0.00 secs,0 years 0 mons 0 days 1 hours 38 mins 0.00 secs,Arrived,130,36600.00,0,0,12
136250,733,AAQ,SVO,2017-02-08T10:05:00Z,0 years 0 mons 0 days 0 hours 1 mins 0.00 secs,0 years 0 mons 0 days 0 hours 2 mins 0.00 secs,0 years 0 mons 0 days 1 hours 41 mins 0.00 secs,Arrived,130,12200.00,87,0,0
136250,733,AAQ,SVO,2017-02-08T10:05:00Z,0 years 0 mons 0 days 0 hours 1 mins 0.00 secs,0 years 0 mons 0 days 0 hours 2 mins 0.00 secs,0 years 0 mons 0 days 1 hours 41 mins 0.00 secs,Arrived,130,13400.00,4,0,0
136250,733,AAQ,SVO,2017-02-08T10:05:00Z,0 years 0 mons 0 days 0 hours 1 mins 0.00 secs,0 years 0 mons 0 days 0 hours 2 mins 0.00 secs,0 years 0 mons 0 days 1 hours 41 mins 0.00 secs,Arrived,130,36600.00,0,0,8
136264,733,AAQ,SVO,2017-02-18T10:05:00Z,0 years 0 mons 0 days 0 hours 2 mins 0.00 secs,0 years 0 mons 0 days 0 hours 2 mins 0.00 secs,0 years 0 mons 0 days 1 hours 40 mins 0.00 secs,Arrived,130,12200.00,99,0,0
136264,733,AAQ,SVO,2017-02-18T10:05:00Z,0 years 0 mons 0 days 0 hours 2 mins 0.00 secs,0 years 0 mons 0 days 0 hours 2 mins 0.00 secs,0 years 0 mons 0 days 1 hours 40 mins 0.00 secs,Arrived,130,13400.00,6,0,0
136264,733,AAQ,SVO,2017-02-18T10:05:00Z,0 years 0 mons 0 days 0 hours 2 mins 0.00 secs,0 years 0 mons 0 days 0 hours 2 mins 0.00 secs,0 years 0 mons 0 days 1 hours 40 mins 0.00 secs,Arrived,130,36600.00,0,0,11
136266,733,AAQ,SVO,2017-02-27T10:05:00Z,0 years 0 mons 0 days 0 hours 3 mins 0.00 secs,0 years 0 mons 0 days 0 hours 3 mins 0.00 secs,0 years 0 mons 0 days 1 hours 40 mins 0.00 secs,Arrived,130,12200.00,94,0,0
136266,733,AAQ,SVO,2017-02-27T10:05:00Z,0 years 0 mons 0 days 0 hours 3 mins 0.00 secs,0 years 0 mons 0 days 0 hours 3 mins 0.00 secs,0 years 0 mons 0 days 1 hours 40 mins 0.00 secs,Arrived,130,13400.00,4,0,0
136266,733,AAQ,SVO,2017-02-27T10:05:00Z,0 years 0 mons 0 days 0 hours 3 mins 0.00 secs,0 years 0 mons 0 days 0 hours 3 mins 0.00 secs,0 years 0 mons 0 days 1 hours 40 mins 0.00 secs,Arrived,130,36600.00,0,0,10
136268,733,AAQ,SVO,2017-02-16T10:05:00Z,0 years 0 mons 0 days 0 hours 3 mins 0.00 secs,0 years 0 mons 0 days 0 hours 4 mins 0.00 secs,0 years 0 mons 0 days 1 hours 41 mins 0.00 secs,Arrived,130,12200.00,100,0,0
136268,733,AAQ,SVO,2017-02-16T10:05:00Z,0 years 0 mons 0 days 0 hours 3 mins 0.00 secs,0 years 0 mons 0 days 0 hours 4 mins 0.00 secs,0 years 0 mons 0 days 1 hours 41 mins 0.00 secs,Arrived,130,13400.00,4,0,0
136268,733,AAQ,SVO,2017-02-16T10:05:00Z,0 years 0 mons 0 days 0 hours 3 mins 0.00 secs,0 years 0 mons 0 days 0 hours 4 mins 0.00 secs,0 years 0 mons 0 days 1 hours 41 mins 0.00 secs,Arrived,130,36600.00,0,0,11
136269,733,AAQ,SVO,2017-02-11T10:05:00Z,0 years 0 mons 0 days 0 hours 8 mins 0.00 secs,0 years 0 mons 0 days 0 hours 8 mins 0.00 secs,0 years 0 mons 0 days 1 hours 40 mins 0.00 secs,Arrived,130,12200.00,92,0,0
136269,733,AAQ,SVO,2017-02-11T10:05:00Z,0 years 0 mons 0 days 0 hours 8 mins 0.00 secs,0 years 0 mons 0 days 0 hours 8 mins 0.00 secs,0 years 0 mons 0 days 1 hours 40 mins 0.00 secs,Arrived,130,13400.00,6,0,0
136269,733,AAQ,SVO,2017-02-11T10:05:00Z,0 years 0 mons 0 days 0 hours 8 mins 0.00 secs,0 years 0 mons 0 days 0 hours 8 mins 0.00 secs,0 years 0 mons 0 days 1 hours 40 mins 0.00 secs,Arrived,130,36600.00,0,0,11
136270,733,AAQ,SVO,2017-02-12T10:05:00Z,0 years 0 mons 0 days 0 hours 7 mins 0.00 secs,0 years 0 mons 0 days 0 hours 6 mins 0.00 secs,0 years 0 mons 0 days 1 hours 39 mins 0.00 secs,Arrived,130,12200.00,95,0,0
136270,733,AAQ,SVO,2017-02-12T10:05:00Z,0 years 0 mons 0 days 0 hours 7 mins 0.00 secs,0 years 0 mons 0 days 0 hours 6 mins 0.00 secs,0 years 0 mons 0 days 1 hours 39 mins 0.00 secs,Arrived,130,13400.00,5,0,0
136270,733,AAQ,SVO,2017-02-12T10:05:00Z,0 years 0 mons 0 days 0 hours 7 mins 0.00 secs,0 years 0 mons 0 days 0 hours 6 mins 0.00 secs,0 years 0 mons 0 days 1 hours 39 mins 0.00 secs,Arrived,130,36600.00,0,0,11
136275,733,AAQ,SVO,2017-01-13T10:05:00Z,0 years 0 mons 0 days 0 hours 3 mins 0.00 secs,0 years 0 mons 0 days 0 hours 1 mins 0.00 secs,0 years 0 mons 0 days 1 hours 38 mins 0.00 secs,Arrived,130,12200.00,107,0,0
136275,733,AAQ,SVO,2017-01-13T10:05:00Z,0 years 0 mons 0 days 0 hours 3 mins 0.00 secs,0 years 0 mons 0 days 0 hours 1 mins 0.00 secs,0 years 0 mons 0 days 1 hours 38 mins 0.00 secs,Arrived,130,13400.00,6,0,0
136275,733,AAQ,SVO,2017-01-13T10:05:00Z,0 years 0 mons 0 days 0 hours 3 mins 0.00 secs,0 years 0 mons 0 days 0 hours 1 mins 0.00 secs,0 years 0 mons 0 days 1 hours 38 mins 0.00 secs,Arrived,130,36600.00,0,0,12
136282,733,AAQ,SVO,2017-01-16T10:05:00Z,0 years 0 mons 0 days 0 hours 2 mins 0.00 secs,0 years 0 mons 0 days 0 hours 3 mins 0.00 secs,0 years 0 mons 0 days 1 hours 41 mins 0.00 secs,Arrived,130,12200.00,92,0,0
136282,733,AAQ,SVO,2017-01-16T10:05:00Z,0 years 0 mons 0 days 0 hours 2 mins 0.00 secs,0 years 0 mons 0 days 0 hours 3 mins 0.00 secs,0 years 0 mons 0 days 1 hours 41 mins 0.00 secs,Arrived,130,13400.00,5,0,0
136282,733,AAQ,SVO,2017-01-16T10:05:00Z,0 years 0 mons 0 days 0 hours 2 mins 0.00 secs,0 years 0 mons 0 days 0 hours 3 mins 0.00 secs,0 years 0 mons 0 days 1 hours 41 mins 0.00 secs,Arrived,130,36600.00,0,0,9
136284,733,AAQ,SVO,2017-02-07T10:05:00Z,0 years 0 mons 0 days 0 hours 2 mins 0.00 secs,0 years 0 mons 0 days 0 hours 3 mins 0.00 secs,0 years 0 mons 0 days 1 hours 41 mins 0.00 secs,Arrived,130,12200.00,102,0,0
136284,733,AAQ,SVO,2017-02-07T10:05:00Z,0 years 0 mons 0 days 0 hours 2 mins 0.00 secs,0 years 0 mons 0 days 0 hours 3 mins 0.00 secs,0 years 0 mons 0 days 1 hours 41 mins 0.00 secs,Arrived,130,13400.00,5,0,0
136284,733,AAQ,SVO,2017-02-07T10:05:00Z,0 years 0 mons 0 days 0 hours 2 mins 0.00 secs,0 years 0 mons 0 days 0 hours 3 mins 0.00 secs,0 years 0 mons 0 days 1 hours 41 mins 0.00 secs,Arrived,130,36600.00,0,0,10
136293,733,AAQ,SVO,2017-01-23T10:05:00Z,0 years 0 mons 0 days 0 hours 4 mins 0.00 secs,0 years 0 mons 0 days 0 hours 3 mins 0.00 secs,0 years 0 mons 0 days 1 hours 39 mins 0.00 secs,Arrived,130,12200.00,97,0,0
136293,733,AAQ,SVO,2017-01-23T10:05:00Z,0 years 0 mons 0 days 0 hours 4 mins 0.00 secs,0 years 0 mons 0 days 0 hours 3 mins 0.00 secs,0 years 0 mons 0 days 1 hours 39 mins 0.00 secs,Arrived,130,13400.00,5,0,0
136293,733,AAQ,SVO,2017-01-23T10:05:00Z,0 years 0 mons 0 days 0 hours 4 mins 0.00 secs,0 years 0 mons 0 days 0 hours 3 mins 0.00 secs,0 years 0 mons 0 days 1 hours 39 mins 0.00 secs,Arrived,130,36600.00,0,0,12
136310,733,AAQ,SVO,2017-01-22T10:05:00Z,0 years 0 mons 0 days 0 hours 2 mins 0.00 secs,0 years 0 mons 0 days 0 hours 2 mins 0.00 secs,0 years 0 mons 0 days 1 hours 40 mins 0.00 secs,Arrived,130,12200.00,102,0,0
136310,733,AAQ,SVO,2017-01-22T10:05:00Z,0 years 0 mons 0 days 0 hours 2 mins 0.00 secs,0 years 0 mons 0 days 0 hours 2 mins 0.00 secs,0 years 0 mons 0 days 1 hours 40 mins 0.00 secs,Arrived,130,13400.00,6,0,0
136310,733,AAQ,SVO,2017-01-22T10:05:00Z,0 years 0 mons 0 days 0 hours 2 mins 0.00 secs,0 years 0 mons 0 days 0 hours 2 mins 0.00 secs,0 years 0 mons 0 days 1 hours 40 mins 0.00 secs,Arrived,130,36600.00,0,0,9
136316,733,AAQ,SVO,2017-01-12T10:05:00Z,0 years 0 mons 0 days 0 hours 2 mins 0.00 secs,0 years 0 mons 0 days 0 hours 2 mins 0.00 secs,0 years 0 mons 0 days 1 hours 40 mins 0.00 secs,Arrived,130,12200.00,112,0,0
136316,733,AAQ,SVO,2017-01-12T10:05:00Z,0 years 0 mons 0 days 0 hours 2 mins 0.00 secs,0 years 0 mons 0 days 0 hours 2 mins 0.00 secs,0 years 0 mons 0 days 1 hours 40 mins 0.00 secs,Arrived,130,13400.00,6,0,0
136316,733,AAQ,SVO,2017-01-12T10:05:00Z,0 years 0 mons 0 days 0 hours 2 mins 0.00 secs,0 years 0 mons 0 days 0 hours 2 mins 0.00 secs,0 years 0 mons 0 days 1 hours 40 mins 0.00 secs,Arrived,130,36600.00,0,0,12
136320,733,AAQ,SVO,2017-02-19T10:05:00Z,0 years 0 mons 0 days 0 hours 0 mins 0.00 secs,0 years 0 mons 0 days 0 hours 0 mins 0.00 secs,0 years 0 mons 0 days 1 hours 40 mins 0.00 secs,Arrived,130,12200.00,90,0,0
136320,733,AAQ,SVO,2017-02-19T10:05:00Z,0 years 0 mons 0 days 0 hours 0 mins 0.00 secs,0 years 0 mons 0 days 0 hours 0 mins 0.00 secs,0 years 0 mons 0 days 1 hours 40 mins 0.00 secs,Arrived,130,13400.00,6,0,0
136320,733,AAQ,SVO,2017-02-19T10:05:00Z,0 years 0 mons 0 days 0 hours 0 mins 0.00 secs,0 years 0 mons 0 days 0 hours 0 mins 0.00 secs,0 years 0 mons 0 days 1 hours 40 mins 0.00 secs,Arrived,130,36600.00,0,0,10
136322,733,AAQ,SVO,2017-02-06T10:05:00Z,0 years 0 mons 0 days 0 hours 6 mins 0.00 secs,0 years 0 mons 0 days 0 hours 7 mins 0.00 secs,0 years 0 mons 0 days 1 hours 41 mins 0.00 secs,Arrived,130,12200.00,93,0,0
136322,733,AAQ,SVO,2017-02-06T10:05:00Z,0 years 0 mons 0 days 0 hours 6 mins 0.00 secs,0 years 0 mons 0 days 0 hours 7 mins 0.00 secs,0 years 0 mons 0 days 1 hours 41 mins 0.00 secs,Arrived,130,13400.00,5,0,0
136322,733,AAQ,SVO,2017-02-06T10:05:00Z,0 years 0 mons 0 days 0 hours 6 mins 0.00 secs,0 years 0 mons 0 days 0 hours 7 mins 0.00 secs,0 years 0 mons 0 days 1 hours 41 mins 0.00 secs,Arrived,130,36600.00,0,0,10
136345,733,AAQ,SVO,2017-01-24T10:05:00Z,0 years 0 mons 0 days 3 hours 27 mins 0.00 secs,0 years 0 mons 0 days 3 hours 27 mins 0.00 secs,0 years 0 mons 0 days 1 hours 40 mins 0.00 secs,Arrived,130,12200.00,96,0,0
136345,733,AAQ,SVO,2017-01-24T10:05:00Z,0 years 0 mons 0 days 3 hours 27 mins 0.00 secs,0 years 0 mons 0 days 3 hours 27 mins 0.00 secs,0 years 0 mons 0 days 1 hours 40 mins 0.00 secs,Arrived,130,13400.00,4,0,0
136345,733,AAQ,SVO,2017-01-24T10:05:00Z,0 years 0 mons 0 days 3 hours 27 mins 0.00 secs,0 years 0 mons 0 days 3 hours 27 mins 0.00 secs,0 years 0 mons 0 days 1 hours 40 mins 0.00 secs,Arrived,130,36600.00,0,0,8
136348,733,AAQ,SVO,2017-02-10T10:05:00Z,0 years 0 mons 0 days 0 hours 0 mins 0.00 secs,0 years 0 mons 0 days 0 hours 0 mins 0.00 secs,0 years 0 mons 0 days 1 hours 40 mins 0.00 secs,Arrived,130,12200.00,103,0,0
136348,733,AAQ,SVO,2017-02-10T10:05:00Z,0 years 0 mons 0 days 0 hours 0 mins 0.00 secs,0 years 0 mons 0 days 0 hours 0 mins 0.00 secs,0 years 0 mons 0 days 1 hours 40 mins 0.00 secs,Arrived,130,13400.00,5,0,0
136348,733,AAQ,SVO,2017-02-10T10:05:00Z,0 years 0 mons 0 days 0 hours 0 mins 0.00 secs,0 years 0 mons 0 days 0 hours 0 mins 0.00 secs,0 years 0 mons 0 days 1 hours 40 mins 0.00 secs,Arrived,130,36600.00,0,0,12
136351,733,AAQ,SVO,2017-02-26T10:05:00Z,0 years 0 mons 0 days 0 hours 8 mins 0.00 secs,0 years 0 mons 0 days 0 hours 8 mins 0.00 secs,0 years 0 mons 0 days 1 hours 40 mins 0.00 secs,Arrived,130,12200.00,89,0,0
136351,733,AAQ,SVO,2017-02-26T10:05:00Z,0 years 0 mons 0 days 0 hours 8 mins 0.00 secs,0 years 0 mons 0 days 0 hours 8 mins 0.00 secs,0 years 0 mons 0 days 1 hours 40 mins 0.00 secs,Arrived,130,13400.00,5,0,0
136351,733,AAQ,SVO,2017-02-26T10:05:00Z,0 years 0 mons 0 days 0 hours 8 mins 0.00 secs,0 years 0 mons 0 days 0 hours 8 mins 0.00 secs,0 years 0 mons 0 days 1 hours 40 mins 0.00 secs,Arrived,130,36600.00,0,0,11
136360,733,AAQ,SVO,2017-02-05T10:05:00Z,0 years 0 mons 0 days 0 hours 3 mins 0.00 secs,0 years 0 mons 0 days 0 hours 3 mins 0.00 secs,0 years 0 mons 0 days 1 hours 40 mins 0.00 secs,Arrived,130,12200.00,83,0,0
136360,733,AAQ,SVO,2017-02-05T10:05:00Z,0 years 0 mons 0 days 0 hours 3 mins 0.00 secs,0 years 0 mons 0 days 0 hours 3 mins 0.00 secs,0 years 0 mons 0 days 1 hours 40 mins 0.00 secs,Arrived,130,13400.00,3,0,0
136360,733,AAQ,SVO,2017-02-05T10:05:00Z,0 years 0 mons 0 days 0 hours 3 mins 0.00 secs,0 years 0 mons 0 days 0 hours 3 mins 0.00 secs,0 years 0 mons 0 days 1 hours 40 mins 0.00 secs,Arrived,130,36600.00,0,0,11
136366,733,AAQ,SVO,2017-01-11T10:05:00Z,0 years 0 mons 0 days 0 hours 3 mins 0.00 secs,0 years 0 mons 0 days 0 hours 2 mins 0.00 secs,0 years 0 mons 0 days 1 hours 39 mins 0.00 secs,Arrived,130,12200.00,90,0,0
136366,733,AAQ,SVO,2017-01-11T10:05:00Z,0 years 0 mons 0 days 0 hours 3 mins 0.00 secs,0 years 0 mons 0 days 0 hours 2 mins 0.00 secs,0 years 0 mons 0 days 1 hours 39 mins 0.00 secs,Arrived,130,13400.00,2,0,0
136366,733,AAQ,SVO,2017-01-11T10:05:00Z,0 years 0 mons 0 days 0 hours 3 mins 0.00 secs,0 years 0 mons 0 days 0 hours 2 mins 0.00 secs,0 years 0 mons 0 days 1 hours 39 mins 0.00 secs,Arrived,130,36600.00,0,0,11
136383,733,AAQ,SVO,2017-01-25T10:05:00Z,0 years 0 mons 0 days 0 hours 4 mins 0.00 secs,0 years 0 mons 0 days 0 hours 6 mins 0.00 secs,0 years 0 mons 0 days 1 hours 42 mins 0.00 secs,Arrived,130,12200.00,94,0,0
136383,733,AAQ,SVO,2017-01-25T10:05:00Z,0 years 0 mons 0 days 0 hours 4 mins 0.00 secs,0 years 0 mons 0 days 0 hours 6 mins 0.00 secs,0 years 0 mons 0 days 1 hours 42 mins 0.00 secs,Arrived,130,13400.00,4,0,0
136383,733,AAQ,SVO,2017-01-25T10:05:00Z,0 years 0 mons 0 days 0 hours 4 mins 0.00 secs,0 years 0 mons 0 days 0 hours 6 mins 0.00 secs,0 years 0 mons 0 days 1 hours 42 mins 0.00 secs,Arrived,130,36600.00,0,0,8
136387,733,AAQ,SVO,2017-01-19T10:05:00Z,0 years 0 mons 0 days 0 hours 3 mins 0.00 secs,0 years 0 mons 0 days 0 hours 2 mins 0.00 secs,0 years 0 mons 0 days 1 hours 39 mins 0.00 secs,Arrived,130,12200.00,104,0,0
136387,733,AAQ,SVO,2017-01-19T10:05:00Z,0 years 0 mons 0 days 0 hours 3 mins 0.00 secs,0 years 0 mons 0 days 0 hours 2 mins 0.00 secs,0 years 0 mons 0 days 1 hours 39 mins 0.00 secs,Arrived,130,13400.00,5,0,0
136387,733,AAQ,SVO,2017-01-19T10:05:00Z,0 years 0 mons 0 days 0 hours 3 mins 0.00 secs,0 years 0 mons 0 days 0 hours 2 mins 0.00 secs,0 years 0 mons 0 days 1 hours 39 mins 0.00 secs,Arrived,130,36600.00,0,0,12
136389,733,AAQ,SVO,2017-01-18T10:05:00Z,0 years 0 mons 0 days 0 hours 5 mins 0.00 secs,0 years 0 mons 0 days 0 hours 5 mins 0.00 secs,0 years 0 mons 0 days 1 hours 40 mins 0.00 secs,Arrived,130,12200.00,111,0,0
136389,733,AAQ,SVO,2017-01-18T10:05:00Z,0 years 0 mons 0 days 0 hours 5 mins 0.00 secs,0 years 0 mons 0 days 0 hours 5 mins 0.00 secs,0 years 0 mons 0 days 1 hours 40 mins 0.00 secs,Arrived,130,13400.00,6,0,0
136389,733,AAQ,SVO,2017-01-18T10:05:00Z,0 years 0 mons 0 days 0 hours 5 mins 0.00 secs,0 years 0 mons 0 days 0 hours 5 mins 0.00 secs,0 years 0 mons 0 days 1 hours 40 mins 0.00 secs,Arrived,130,36600.00,0,0,12
136403,733,AAQ,SVO,2017-02-20T10:05:00Z,0 years 0 mons 0 days 0 hours 1 mins 0.00 secs,0 years 0 mons 0 days 0 hours 1 mins 0.00 secs,0 years 0 mons 0 days 1 hours 40 mins 0.00 secs,Arrived,130,12200.00,111,0,0
136403,733,AAQ,SVO,2017-02-20T10:05:00Z,0 years 0 mons 0 days 0 hours 1 mins 0.00 secs,0 years 0 mons 0 days 0 hours 1 mins 0.00 secs,0 years 0 mons 0 days 1 hours 40 mins 0.00 secs,Arrived,130,13400.00,6,0,0
136403,733,AAQ,SVO,2017-02-20T10:05:00Z,0 years 0 mons 0 days 0 hours 1 mins 0.00 secs,0 years 0 mons 0 days 0 hours 1 mins 0.00 secs,0 years 0 mons 0 days 1 hours 40 mins 0.00 secs,Arrived,130,36600.00,0,0,12
136411,733,AAQ,SVO,2017-02-04T10:05:00Z,0 years 0 mons 0 days 0 hours 1 mins 0.00 secs,0 years 0 mons 0 days 0 hours 1 mins 0.00 secs,0 years 0 mons 0 days 1 hours 40 mins 0.00 secs,Arrived,130,12200.00,96,0,0
136411,733,AAQ,SVO,2017-02-04T10:05:00Z,0 years 0 mons 0 days 0 hours 1 mins 0.00 secs,0 years 0 mons 0 days 0 hours 1 mins 0.00 secs,0 years 0 mons 0 days 1 hours 40 mins 0.00 secs,Arrived,130,13400.00,4,0,0
136411,733,AAQ,SVO,2017-02-04T10:05:00Z,0 years 0 mons 0 days 0 hours 1 mins 0.00 secs,0 years 0 mons 0 days 0 hours 1 mins 0.00 secs,0 years 0 mons 0 days 1 hours 40 mins 0.00 secs,Arrived,130,36600.00,0,0,10
136420,733,AAQ,SVO,2017-01-01T10:05:00Z,0 years 0 mons 0 days 0 hours 4 mins 0.00 secs,0 years 0 mons 0 days 0 hours 2 mins 0.00 secs,0 years 0 mons 0 days 1 hours 38 mins 0.00 secs,Arrived,130,12200.00,89,0,0
136420,733,AAQ,SVO,2017-01-01T10:05:00Z,0 years 0 mons 0 days 0 hours 4 mins 0.00 secs,0 years 0 mons 0 days 0 hours 2 mins 0.00 secs,0 years 0 mons 0 days 1 hours 38 mins 0.00 secs,Arrived,130,13400.00,4,0,0
136420,733,AAQ,SVO,2017-01-01T10:05:00Z,0 years 0 mons 0 days 0 hours 4 mins 0.00 secs,0 years 0 mons 0 days 0 hours 2 mins 0.00 secs,0 years 0 mons 0 days 1 hours 38 mins 0.00 secs,Arrived,130,36600.00,0,0,11
136423,733,AAQ,SVO,2017-01-10T10:05:00Z,0 years 0 mons 0 days 0 hours 7 mins 0.00 secs,0 years 0 mons 0 days 0 hours 7 mins 0.00 secs,0 years 0 mons 0 days 1 hours 40 mins 0.00 secs,Arrived,130,12200.00,112,0,0
136423,733,AAQ,SVO,2017-01-10T10:05:00Z,0 years 0 mons 0 days 0 hours 7 mins 0.00 secs,0 years 0 mons 0 days 0 hours 7 mins 0.00 secs,0 years 0 mons 0 days 1 hours 40 mins 0.00 secs,Arrived,130,13400.00,6,0,0
136423,733,AAQ,SVO,2017-01-10T10:05:00Z,0 years 0 mons 0 days 0 hours 7 mins 0.00 secs,0 years 0 mons 0 days 0 hours 7 mins 0.00 secs,0 years 0 mons 0 days 1 hours 40 mins 0.00 secs,Arrived,130,36600.00,0,0,11
136428,733,AAQ,SVO,2017-01-21T10:05:00Z,0 years 0 mons 0 days 0 hours 3 mins 0.00 secs,0 years 0 mons 0 days 0 hours 2 mins 0.00 secs,0 years 0 mons 0 days 1 hours 39 mins 0.00 secs,Arrived,130,12200.00,98,0,0
136428,733,AAQ,SVO,2017-01-21T10:05:00Z,0 years 0 mons 0 days 0 hours 3 mins 0.00 secs,0 years 0 mons 0 days 0 hours 2 mins 0.00 secs,0 years 0 mons 0 days 1 hours 39 mins 0.00 secs,Arrived,130,13400.00,6,0,0
136428,733,AAQ,SVO,2017-01-21T10:05:00Z,0 years 0 mons 0 days 0 hours 3 mins 0.00 secs,0 years 0 mons 0 days 0 hours 2 mins 0.00 secs,0 years 0 mons 0 days 1 hours 39 mins 0.00 secs,Arrived,130,36600.00,0,0,11
136436,733,AAQ,SVO,2017-01-26T10:05:00Z,0 years 0 mons 0 days 0 hours 3 mins 0.00 secs,0 years 0 mons 0 days 0 hours 2 mins 0.00 secs,0 years 0 mons 0 days 1 hours 39 mins 0.00 secs,Arrived,130,12200.00,107,0,0
136436,733,AAQ,SVO,2017-01-26T10:05:00Z,0 years 0 mons 0 days 0 hours 3 mins 0.00 secs,0 years 0 mons 0 days 0 hours 2 mins 0.00 secs,0 years 0 mons 0 days 1 hours 39 mins 0.00 secs,Arrived,130,13400.00,5,0,0
136436,733,AAQ,SVO,2017-01-26T10:05:00Z,0 years 0 mons 0 days 0 hours 3 mins 0.00 secs,0 years 0 mons 0 days 0 hours 2 mins 0.00 secs,0 years 0 mons 0 days 1 hours 39 mins 0.00 secs,Arrived,130,36600.00,0,0,12
136439,733,AAQ,SVO,2017-02-25T10:05:00Z,0 years 0 mons 0 days 0 hours 3 mins 0.00 secs,0 years 0 mons 0 days 0 hours 3 mins 0.00 secs,0 years 0 mons 0 days 1 hours 40 mins 0.00 secs,Arrived,130,12200.00,101,0,0
136439,733,AAQ,SVO,2017-02-25T10:05:00Z,0 years 0 mons 0 days 0 hours 3 mins 0.00 secs,0 years 0 mons 0 days 0 hours 3 mins 0.00 secs,0 years 0 mons 0 days 1 hours 40 mins 0.00 secs,Arrived,130,13400.00,5,0,0
136439,733,AAQ,SVO,2017-02-25T10:05:00Z,0 years 0 mons 0 days 0 hours 3 mins 0.00 secs,0 years 0 mons 0 days 0 hours 3 mins 0.00 secs,0 years 0 mons 0 days 1 hours 40 mins 0.00 secs,Arrived,130,36600.00,0,0,11
136441,733,AAQ,SVO,2017-02-03T10:05:00Z,0 years 0 mons 0 days 0 hours 2 mins 0.00 secs,0 years 0 mons 0 days 0 hours 2 mins 0.00 secs,0 years 0 mons 0 days 1 hours 40 mins 0.00 secs,Arrived,130,12200.00,111,0,0
136441,733,AAQ,SVO,2017-02-03T10:05:00Z,0 years 0 mons 0 days 0 hours 2 mins 0.00 secs,0 years 0 mons 0 days 0 hours 2 mins 0.00 secs,0 years 0 mons 0 days 1 hours 40 mins 0.00 secs,Arrived,130,13400.00,6,0,0
136441,733,AAQ,SVO,2017-02-03T10:05:00Z,0 years 0 mons 0 days 0 hours 2 mins 0.00 secs,0 years 0 mons 0 days 0 hours 2 mins 0.00 secs,0 years 0 mons 0 days 1 hours 40 mins 0.00 secs,Arrived,130,36600.00,0,0,11
136452,733,AAQ,SVO,2017-02-17T10:05:00Z,0 years 0 mons 0 days 0 hours 3 mins 0.00 secs,0 years 0 mons 0 days 0 hours 3 mins 0.00 secs,0 years 0 mons 0 days 1 hours 40 mins 0.00 secs,Arrived,130,12200.00,94,0,0
136452,733,AAQ,SVO,2017-02-17T10:05:00Z,0 years 0 mons 0 days 0 hours 3 mins 0.00 secs,0 years 0 mons 0 days 0 hours 3 mins 0.00 secs,0 years 0 mons 0 days 1 hours 40 mins 0.00 secs,Arrived,130,13400.00,4,0,0
136452,733,AAQ,SVO,2017-02-17T10:05:00Z,0 years 0 mons 0 days 0 hours 3 mins 0.00 secs,0 years 0 mons 0 days 0 hours 3 mins 0.00 secs,0 years 0 mons 0 days 1 hours 40 mins 0.00 secs,Arrived,130,36600.00,0,0,11
136458,733,AAQ,SVO,2017-01-02T10:05:00Z,0 years 0 mons 0 days 0 hours 2 mins 0.00 secs,0 years 0 mons 0 days 0 hours 1 mins 0.00 secs,0 years 0 mons 0 days 1 hours 39 mins 0.00 secs,Arrived,130,12200.00,95,0,0
136458,733,AAQ,SVO,2017-01-02T10:05:00Z,0 years 0 mons 0 days 0 hours 2 mins 0.00 secs,0 years 0 mons 0 days 0 hours 1 mins 0.00 secs,0 years 0 mons 0 days 1 hours 39 mins 0.00 secs,Arrived,130,13400.00,6,0,0
136458,733,AAQ,SVO,2017-01-02T10:05:00Z,0 years 0 mons 0 days 0 hours 2 mins 0.00 secs,0 years 0 mons 0 days 0 hours 1 mins 0.00 secs,0 years 0 mons 0 days 1 hours 39 mins 0.00 secs,Arrived,130,36600.00,0,0,9
136463,733,AAQ,SVO,2017-01-20T10:05:00Z,0 years 0 mons 0 days 0 hours 1 mins 0.00 secs,0 years 0 mons 0 days 0 hours 0 mins 0.00 secs,0 years 0 mons 0 days 1 hours 39 mins 0.00 secs,Arrived,130,12200.00,104,0,0
136463,733,AAQ,SVO,2017-01-20T10:05:00Z,0 years 0 mons 0 days 0 hours 1 mins 0.00 secs,0 years 0 mons 0 days 0 hours 0 mins 0.00 secs,0 years 0 mons 0 days 1 hours 39 mins 0.00 secs,Arrived,130,13400.00,6,0,0
136463,733,AAQ,SVO,2017-01-20T10:05:00Z,0 years 0 mons 0 days 0 hours 1 mins 0.00 secs,0 years 0 mons 0 days 0 hours 0 mins 0.00 secs,0 years 0 mons 0 days 1 hours 39 mins 0.00 secs,Arrived,130,36600.00,0,0,12
136464,733,AAQ,SVO,2017-01-09T10:05:00Z,0 years 0 mons 0 days 0 hours 2 mins 0.00 secs,0 years 0 mons 0 days 0 hours 2 mins 0.00 secs,0 years 0 mons 0 days 1 hours 40 mins 0.00 secs,Arrived,130,12200.00,87,0,0
136464,733,AAQ,SVO,2017-01-09T10:05:00Z,0 years 0 mons 0 days 0 hours 2 mins 0.00 secs,0 years 0 mons 0 days 0 hours 2 mins 0.00 secs,0 years 0 mons 0 days 1 hours 40 mins 0.00 secs,Arrived,130,13400.00,6,0,0
136464,733,AAQ,SVO,2017-01-09T10:05:00Z,0 years 0 mons 0 days 0 hours 2 mins 0.00 secs,0 years 0 mons 0 days 0 hours 2 mins 0.00 secs,0 years 0 mons 0 days 1 hours 40 mins 0.00 secs,Arrived,130,36600.00,0,0,7
136471,733,AAQ,SVO,2017-01-17T10:05:00Z,0 years 0 mons 0 days 0 hours 6 mins 0.00 secs,0 years 0 mons 0 days 0 hours 6 mins 0.00 secs,0 years 0 mons 0 days 1 hours 40 mins 0.00 secs,Arrived,130,12200.00,103,0,0
136471,733,AAQ,SVO,2017-01-17T10:05:00Z,0 years 0 mons 0 days 0 hours 6 mins 0.00 secs,0 years 0 mons 0 days 0 hours 6 mins 0.00 secs,0 years 0 mons 0 days 1 hours 40 mins 0.00 secs,Arrived,130,13400.00,5,0,0
136471,733,AAQ,SVO,2017-01-17T10:05:00Z,0 years 0 mons 0 days 0 hours 6 mins 0.00 secs,0 years 0 mons 0 days 0 hours 6 mins 0.00 secs,0 years 0 mons 0 days 1 hours 40 mins 0.00 secs,Arrived,130,36600.00,0,0,12
136479,733,AAQ,SVO,2017-02-21T10:05:00Z,0 years 0 mons 0 days 0 hours 3 mins 0.00 secs,0 years 0 mons 0 days 0 hours 2 mins 0.00 secs,0 years 0 mons 0 days 1 hours 39 mins 0.00 secs,Arrived,130,12200.00,107,0,0
136479,733,AAQ,SVO,2017-02-21T10:05:00Z,0 years 0 mons 0 days 0 hours 3 mins 0.00 secs,0 years 0 mons 0 days 0 hours 2 mins 0.00 secs,0 years 0 mons 0 days 1 hours 39 mins 0.00 secs,Arrived,130,13400.00,5,0,0
136479,733,AAQ,SVO,2017-02-21T10:05:00Z,0 years 0 mons 0 days 0 hours 3 mins 0.00 secs,0 years 0 mons 0 days 0 hours 2 mins 0.00 secs,0 years 0 mons 0 days 1 hours 39 mins 0.00 secs,Arrived,130,36600.00,0,0,10
136485,733,AAQ,SVO,2017-01-27T10:05:00Z,0 years 0 mons 0 days 0 hours 2 mins 0.00 secs,0 years 0 mons 0 days 0 hours 2 mins 0.00 secs,0 years 0 mons 0 days 1 hours 40 mins 0.00 secs,Arrived,130,12200.00,91,0,0
136485,733,AAQ,SVO,2017-01-27T10:05:00Z,0 years 0 mons 0 days 0 hours 2 mins 0.00 secs,0 years 0 mons 0 days 0 hours 2 mins 0.00 secs,0 years 0 mons 0 days 1 hours 40 mins 0.00 secs,Arrived,130,13400.00,6,0,0
136485,733,AAQ,SVO,2017-01-27T10:05:00Z,0 years 0 mons 0 days 0 hours 2 mins 0.00 secs,0 years 0 mons 0 days 0 hours 2 mins 0.00 secs,0 years 0 mons 0 days 1 hours 40 mins 0.00 secs,Arrived,130,36600.00,0,0,9
136486,733,AAQ,SVO,2017-02-02T10:05:00Z,0 years 0 mons 0 days 0 hours 2 mins 0.00 secs,0 years 0 mons 0 days 0 hours 3 mins 0.00 secs,0 years 0 mons 0 days 1 hours 41 mins 0.00 secs,Arrived,130,12200.00,95,0,0
136486,733,AAQ,SVO,2017-02-02T10:05:00Z,0 years 0 mons 0 days 0 hours 2 mins 0.00 secs,0 years 0 mons 0 days 0 hours 3 mins 0.00 secs,0 years 0 mons 0 days 1 hours 41 mins 0.00 secs,Arrived,130,13400.00,4,0,0
136486,733,AAQ,SVO,2017-02-02T10:05:00Z,0 years 0 mons 0 days 0 hours 2 mins 0.00 secs,0 years 0 mons 0 days 0 hours 3 mins 0.00 secs,0 years 0 mons 0 days 1 hours 41 mins 0.00 secs,Arrived,130,36600.00,0,0,8
136571,SU9,AAQ,EGO,2017-01-25T09:25:00Z,0 years 0 mons 0 days 0 hours 3 mins 0.00 secs,0 years 0 mons 0 days 0 hours 3 mins 0.00 secs,0 years 0 mons 0 days 0 hours 50 mins 0.00 secs,Arrived,97,6300.00,78,0,0
136571,SU9,AAQ,EGO,2017-01-25T09:25:00Z,0 years 0 mons 0 days 0 hours 3 mins 0.00 secs,0 years 0 mons 0 days 0 hours 3 mins 0.00 secs,0 years 0 mons 0 days 0 hours 50 mins 0.00 secs,Arrived,97,6900.00,5,0,0
136571,SU9,AAQ,EGO,2017-01-25T09:25:00Z,0 years 0 mons 0 days 0 hours 3 mins 0.00 secs,0 years 0 mons 0 days 0 hours 3 mins 0.00 secs,0 years 0 mons 0 days 0 hours 50 mins 0.00 secs,Arrived,97,18900.00,0,0,12
136586,SU9,AAQ,EGO,2017-01-10T09:25:00Z,0 years 0 mons 0 days 0 hours 3 mins 0.00 secs,0 years 0 mons 0 days 0 hours 3 mins 0.00 secs,0 years 0 mons 0 days 0 hours 50 mins 0.00 secs,Arrived,97,6300.00,79,0,0
136586,SU9,AAQ,EGO,2017-01-10T09:25:00Z,0 years 0 mons 0 days 0 hours 3 mins 0.00 secs,0 years 0 mons 0 days 0 hours 3 mins 0.00 secs,0 years 0 mons 0 days 0 hours 50 mins 0.00 secs,Arrived,97,6900.00,5,0,0
136586,SU9,AAQ,EGO,2017-01-10T09:25:00Z,0 years 0 mons 0 days 0 hours 3 mins 0.00 secs,0 years 0 mons 0 days 0 hours 3 mins 0.00 secs,0 years 0 mons 0 days 0 hours 50 mins 0.00 secs,Arrived,97,18900.00,0,0,12
136600,SU9,AAQ,EGO,2017-02-08T09:25:00Z,0 years 0 mons 0 days 0 hours 1 mins 0.00 secs,0 years 0 mons 0 days 0 hours 1 mins 0.00 secs,0 years 0 mons 0 days 0 hours 50 mins 0.00 secs,Arrived,97,6300.00,80,0,0
136600,SU9,AAQ,EGO,2017-02-08T09:25:00Z,0 years 0 mons 0 days 0 hours 1 mins 0.00 secs,0 years 0 mons 0 days 0 hours 1 mins 0.00 secs,0 years 0 mons 0 days 0 hours 50 mins 0.00 secs,Arrived,97,6900.00,5,0,0
136600,SU9,AAQ,EGO,2017-02-08T09:25:00Z,0 years 0 mons 0 days 0 hours 1 mins 0.00 secs,0 years 0 mons 0 days 0 hours 1 mins 0.00 secs,0 years 0 mons 0 days 0 hours 50 mins 0.00 secs,Arrived,97,18900.00,0,0,12
136605,SU9,AAQ,EGO,2017-02-15T09:25:00Z,0 years 0 mons 0 days 0 hours 3 mins 0.00 secs,0 years 0 mons 0 days 0 hours 4 mins 0.00 secs,0 years 0 mons 0 days 0 hours 51 mins 0.00 secs,Arrived,97,6300.00,80,0,0
136605,SU9,AAQ,EGO,2017-02-15T09:25:00Z,0 years 0 mons 0 days 0 hours 3 mins 0.00 secs,0 years 0 mons 0 days 0 hours 4 mins 0.00 secs,0 years 0 mons 0 days 0 hours 51 mins 0.00 secs,Arrived,97,6900.00,5,0,0
136605,SU9,AAQ,EGO,2017-02-15T09:25:00Z,0 years 0 mons 0 days 0 hours 3 mins 0.00 secs,0 years 0 mons 0 days 0 hours 4 mins 0.00 secs,0 years 0 mons 0 days 0 hours 51 mins 0.00 secs,Arrived,97,18900.00,0,0,12
136609,SU9,AAQ,EGO,2017-01-08T09:25:00Z,0 years 0 mons 0 days 0 hours 3 mins 0.00 secs,0 years 0 mons 0 days 0 hours 3 mins 0.00 secs,0 years 0 mons 0 days 0 hours 50 mins 0.00 secs,Arrived,97,6300.00,66,0,0
136609,SU9,AAQ,EGO,2017-01-08T09:25:00Z,0 years 0 mons 0 days 0 hours 3 mins 0.00 secs,0 years 0 mons 0 days 0 hours 3 mins 0.00 secs,0 years 0 mons 0 days 0 hours 50 mins 0.00 secs,Arrived,97,6900.00,5,0,0
136609,SU9,AAQ,EGO,2017-01-08T09:25:00Z,0 years 0 mons 0 days 0 hours 3 mins 0.00 secs,0 years 0 mons 0 days 0 hours 3 mins 0.00 secs,0 years 0 mons 0 days 0 hours 50 mins 0.00 secs,Arrived,97,18900.00,0,0,10
136612,SU9,AAQ,EGO,2017-02-21T09:25:00Z,0 years 0 mons 0 days 0 hours 2 mins 0.00 secs,0 years 0 mons 0 days 0 hours 2 mins 0.00 secs,0 years 0 mons 0 days 0 hours 50 mins 0.00 secs,Arrived,97,6300.00,77,0,0
136612,SU9,AAQ,EGO,2017-02-21T09:25:00Z,0 years 0 mons 0 days 0 hours 2 mins 0.00 secs,0 years 0 mons 0 days 0 hours 2 mins 0.00 secs,0 years 0 mons 0 days 0 hours 50 mins 0.00 secs,Arrived,97,6900.00,5,0,0
136612,SU9,AAQ,EGO,2017-02-21T09:25:00Z,0 years 0 mons 0 days 0 hours 2 mins 0.00 secs,0 years 0 mons 0 days 0 hours 2 mins 0.00 secs,0 years 0 mons 0 days 0 hours 50 mins 0.00 secs,Arrived,97,18900.00,0,0,12
136620,SU9,AAQ,EGO,2017-02-17T09:25:00Z,0 years 0 mons 0 days 0 hours 5 mins 0.00 secs,0 years 0 mons 0 days 0 hours 4 mins 0.00 secs,0 years 0 mons 0 days 0 hours 49 mins 0.00 secs,Arrived,97,6300.00,66,0,0
136620,SU9,AAQ,EGO,2017-02-17T09:25:00Z,0 years 0 mons 0 days 0 hours 5 mins 0.00 secs,0 years 0 mons 0 days 0 hours 4 mins 0.00 secs,0 years 0 mons 0 days 0 hours 49 mins 0.00 secs,Arrived,97,6900.00,4,0,0
136620,SU9,AAQ,EGO,2017-02-17T09:25:00Z,0 years 0 mons 0 days 0 hours 5 mins 0.00 secs,0 years 0 mons 0 days 0 hours 4 mins 0.00 secs,0 years 0 mons 0 days 0 hours 49 mins 0.00 secs,Arrived,97,18900.00,0,0,9
136630,SU9,AAQ,EGO,2017-02-25T09:25:00Z,0 years 0 mons 0 days 0 hours 7 mins 0.00 secs,0 years 0 mons 0 days 0 hours 7 mins 0.00 secs,0 years 0 mons 0 days 0 hours 50 mins 0.00 secs,Arrived,97,6300.00,77,0,0
136630,SU9,AAQ,EGO,2017-02-25T09:25:00Z,0 years 0 mons 0 days 0 hours 7 mins 0.00 secs,0 years 0 mons 0 days 0 hours 7 mins 0.00 secs,0 years 0 mons 0 days 0 hours 50 mins 0.00 secs,Arrived,97,6900.00,5,0,0
136630,SU9,AAQ,EGO,2017-02-25T09:25:00Z,0 years 0 mons 0 days 0 hours 7 mins 0.00 secs,0 years 0 mons 0 days 0 hours 7 mins 0.00 secs,0 years 0 mons 0 days 0 hours 50 mins 0.00 secs,Arrived,97,18900.00,0,0,12
136632,SU9,AAQ,EGO,2017-01-07T09:25:00Z,0 years 0 mons 0 days 3 hours 17 mins 0.00 secs,0 years 0 mons 0 days 3 hours 18 mins 0.00 secs,0 years 0 mons 0 days 0 hours 51 mins 0.00 secs,Arrived,97,6300.00,76,0,0
136632,SU9,AAQ,EGO,2017-01-07T09:25:00Z,0 years 0 mons 0 days 3 hours 17 mins 0.00 secs,0 years 0 mons 0 days 3 hours 18 mins 0.00 secs,0 years 0 mons 0 days 0 hours 51 mins 0.00 secs,Arrived,97,6900.00,4,0,0
136632,SU9,AAQ,EGO,2017-01-07T09:25:00Z,0 years 0 mons 0 days 3 hours 17 mins 0.00 secs,0 years 0 mons 0 days 3 hours 18 mins 0.00 secs,0 years 0 mons 0 days 0 hours 51 mins 0.00 secs,Arrived,97,18900.00,0,0,11
136642,SU9,AAQ,EGO,2017-01-30T09:25:00Z,0 years 0 mons 0 days 0 hours 3 mins 0.00 secs,0 years 0 mons 0 days 0 hours 2 mins 0.00 secs,0 years 0 mons 0 days 0 hours 49 mins 0.00 secs,Arrived,97,6300.00,51,0,0
136642,SU9,AAQ,EGO,2017-01-30T09:25:00Z,0 years 0 mons 0 days 0 hours 3 mins 0.00 secs,0 years 0 mons 0 days 0 hours 2 mins 0.00 secs,0 years 0 mons 0 days 0 hours 49 mins 0.00 secs,Arrived,97,6900.00,3,0,0
136642,SU9,AAQ,EGO,2017-01-30T09:25:00Z,0 years 0 mons 0 days 0 hours 3 mins 0.00 secs,0 years 0 mons 0 days 0 hours 2 mins 0.00 secs,0 years 0 mons 0 days 0 hours 49 mins 0.00 secs,Arrived,97,18900.00,0,0,10
136645,SU9,AAQ,EGO,2017-01-05T09:25:00Z,0 years 0 mons 0 days 0 hours 4 mins 0.00 secs,0 years 0 mons 0 days 0 hours 5 mins 0.00 secs,0 years 0 mons 0 days 0 hours 51 mins 0.00 secs,Arrived,97,6300.00,68,0,0
136645,SU9,AAQ,EGO,2017-01-05T09:25:00Z,0 years 0 mons 0 days 0 hours 4 mins 0.00 secs,0 years 0 mons 0 days 0 hours 5 mins 0.00 secs,0 years 0 mons 0 days 0 hours 51 mins 0.00 secs,Arrived,97,6900.00,5,0,0
136645,SU9,AAQ,EGO,2017-01-05T09:25:00Z,0 years 0 mons 0 days 0 hours 4 mins 0.00 secs,0 years 0 mons 0 days 0 hours 5 mins 0.00 secs,0 years 0 mons 0 days 0 hours 51 mins 0.00 secs,Arrived,97,18900.00,0,0,9
136649,SU9,AAQ,EGO,2017-01-18T09:25:00Z,0 years 0 mons 0 days 0 hours 0 mins 0.00 secs,0 years 0 mons 0 days 0 hours 0 mins 0.00 secs,0 years 0 mons 0 days 0 hours 50 mins 0.00 secs,Arrived,97,6300.00,79,0,0
136649,SU9,AAQ,EGO,2017-01-18T09:25:00Z,0 years 0 mons 0 days 0 hours 0 mins 0.00 secs,0 years 0 mons 0 days 0 hours 0 mins 0.00 secs,0 years 0 mons 0 days 0 hours 50 mins 0.00 secs,Arrived,97,6900.00,5,0,0
136649,SU9,AAQ,EGO,2017-01-18T09:25:00Z,0 years 0 mons 0 days 0 hours 0 mins 0.00 secs,0 years 0 mons 0 days 0 hours 0 mins 0.00 secs,0 years 0 mons 0 days 0 hours 50 mins 0.00 secs,Arrived,97,18900.00,0,0,12
136654,SU9,AAQ,EGO,2017-01-19T09:25:00Z,0 years 0 mons 0 days 0 hours 3 mins 0.00 secs,0 years 0 mons 0 days 0 hours 2 mins 0.00 secs,0 years 0 mons 0 days 0 hours 49 mins 0.00 secs,Arrived,97,6300.00,79,0,0
136654,SU9,AAQ,EGO,2017-01-19T09:25:00Z,0 years 0 mons 0 days 0 hours 3 mins 0.00 secs,0 years 0 mons 0 days 0 hours 2 mins 0.00 secs,0 years 0 mons 0 days 0 hours 49 mins 0.00 secs,Arrived,97,6900.00,5,0,0
136654,SU9,AAQ,EGO,2017-01-19T09:25:00Z,0 years 0 mons 0 days 0 hours 3 mins 0.00 secs,0 years 0 mons 0 days 0 hours 2 mins 0.00 secs,0 years 0 mons 0 days 0 hours 49 mins 0.00 secs,Arrived,97,18900.00,0,0,12
136660,SU9,AAQ,EGO,2017-02-20T09:25:00Z,0 years 0 mons 0 days 0 hours 1 mins 0.00 secs,0 years 0 mons 0 days 0 hours 0 mins 0.00 secs,0 years 0 mons 0 days 0 hours 49 mins 0.00 secs,Arrived,97,6300.00,72,0,0
136660,SU9,AAQ,EGO,2017-02-20T09:25:00Z,0 years 0 mons 0 days 0 hours 1 mins 0.00 secs,0 years 0 mons 0 days 0 hours 0 mins 0.00 secs,0 years 0 mons 0 days 0 hours 49 mins 0.00 secs,Arrived,97,6900.00,5,0,0
136660,SU9,AAQ,EGO,2017-02-20T09:25:00Z,0 years 0 mons 0 days 0 hours 1 mins 0.00 secs,0 years 0 mons 0 days 0 hours 0 mins 0.00 secs,0 years 0 mons 0 days 0 hours 49 mins 0.00 secs,Arrived,97,18900.00,0,0,10
136661,SU9,AAQ,EGO,2017-01-01T09:25:00Z,0 years 0 mons 0 days 0 hours 2 mins 0.00 secs,0 years 0 mons 0 days 0 hours 2 mins 0.00 secs,0 years 0 mons 0 days 0 hours 50 mins 0.00 secs,Arrived,97,6300.00,79,0,0
136661,SU9,AAQ,EGO,2017-01-01T09:25:00Z,0 years 0 mons 0 days 0 hours 2 mins 0.00 secs,0 years 0 mons 0 days 0 hours 2 mins 0.00 secs,0 years 0 mons 0 days 0 hours 50 mins 0.00 secs,Arrived,97,6900.00,5,0,0
136661,SU9,AAQ,EGO,2017-01-01T09:25:00Z,0 years 0 mons 0 days 0 hours 2 mins 0.00 secs,0 years 0 mons 0 days 0 hours 2 mins 0.00 secs,0 years 0 mons 0 days 0 hours 50 mins 0.00 secs,Arrived,97,18900.00,0,0,12
136666,SU9,AAQ,EGO,2017-02-09T09:25:00Z,0 years 0 mons 0 days 0 hours 1 mins 0.00 secs,0 years 0 mons 0 days 0 hours 1 mins 0.00 secs,0 years 0 mons 0 days 0 hours 50 mins 0.00 secs,Arrived,97,6300.00,73,0,0
136666,SU9,AAQ,EGO,2017-02-09T09:25:00Z,0 years 0 mons 0 days 0 hours 1 mins 0.00 secs,0 years 0 mons 0 days 0 hours 1 mins 0.00 secs,0 years 0 mons 0 days 0 hours 50 mins 0.00 secs,Arrived,97,6900.00,5,0,0
136666,SU9,AAQ,EGO,2017-02-09T09:25:00Z,0 years 0 mons 0 days 0 hours 1 mins 0.00 secs,0 years 0 mons 0 days 0 hours 1 mins 0.00 secs,0 years 0 mons 0 days 0 hours 50 mins 0.00 secs,Arrived,97,18900.00,0,0,9
136669,SU9,AAQ,EGO,2017-01-17T09:25:00Z,0 years 0 mons 0 days 0 hours 1 mins 0.00 secs,0 years 0 mons 0 days 0 hours 2 mins 0.00 secs,0 years 0 mons 0 days 0 hours 51 mins 0.00 secs,Arrived,97,6300.00,78,0,0
136669,SU9,AAQ,EGO,2017-01-17T09:25:00Z,0 years 0 mons 0 days 0 hours 1 mins 0.00 secs,0 years 0 mons 0 days 0 hours 2 mins 0.00 secs,0 years 0 mons 0 days 0 hours 51 mins 0.00 secs,Arrived,97,6900.00,5,0,0
136669,SU9,AAQ,EGO,2017-01-17T09:25:00Z,0 years 0 mons 0 days 0 hours 1 mins 0.00 secs,0 years 0 mons 0 days 0 hours 2 mins 0.00 secs,0 years 0 mons 0 days 0 hours 51 mins 0.00 secs,Arrived,97,18900.00,0,0,12
136672,SU9,AAQ,EGO,2017-02-03T09:25:00Z,0 years 0 mons 0 days 0 hours 3 mins 0.00 secs,0 years 0 mons 0 days 0 hours 3 mins 0.00 secs,0 years 0 mons 0 days 0 hours 50 mins 0.00 secs,Arrived,97,6300.00,79,0,0
136672,SU9,AAQ,EGO,2017-02-03T09:25:00Z,0 years 0 mons 0 days 0 hours 3 mins 0.00 secs,0 years 0 mons 0 days 0 hours 3 mins 0.00 secs,0 years 0 mons 0 days 0 hours 50 mins 0.00 secs,Arrived,97,6900.00,5,0,0
136672,SU9,AAQ,EGO,2017-02-03T09:25:00Z,0 years 0 mons 0 days 0 hours 3 mins 0.00 secs,0 years 0 mons 0 days 0 hours 3 mins 0.00 secs,0 years 0 mons 0 days 0 hours 50 mins 0.00 secs,Arrived,97,18900.00,0,0,12
136678,SU9,AAQ,EGO,2017-01-28T09:25:00Z,0 years 0 mons 0 days 0 hours 2 mins 0.00 secs,0 years 0 mons 0 days 0 hours 2 mins 0.00 secs,0 years 0 mons 0 days 0 hours 50 mins 0.00 secs,Arrived,97,6300.00,68,0,0
136678,SU9,AAQ,EGO,2017-01-28T09:25:00Z,0 years 0 mons 0 days 0 hours 2 mins 0.00 secs,0 years 0 mons 0 days 0 hours 2 mins 0.00 secs,0 years 0 mons 0 days 0 hours 50 mins 0.00 secs,Arrived,97,6900.00,2,0,0
136678,SU9,AAQ,EGO,2017-01-28T09:25:00Z,0 years 0 mons 0 days 0 hours 2 mins 0.00 secs,0 years 0 mons 0 days 0 hours 2 mins 0.00 secs,0 years 0 mons 0 days 0 hours 50 mins 0.00 secs,Arrived,97,18900.00,0,0,10
136706,SU9,AAQ,EGO,2017-01-06T09:25:00Z,0 years 0 mons 0 days 0 hours 5 mins 0.00 secs,0 years 0 mons 0 days 0 hours 5 mins 0.00 secs,0 years 0 mons 0 days 0 hours 50 mins 0.00 secs,Arrived,97,6300.00,79,0,0
136706,SU9,AAQ,EGO,2017-01-06T09:25:00Z,0 years 0 mons 0 days 0 hours 5 mins 0.00 secs,0 years 0 mons 0 days 0 hours 5 mins 0.00 secs,0 years 0 mons 0 days 0 hours 50 mins 0.00 secs,Arrived,97,6900.00,5,0,0
136706,SU9,AAQ,EGO,2017-01-06T09:25:00Z,0 years 0 mons 0 days 0 hours 5 mins 0.00 secs,0 years 0 mons 0 days 0 hours 5 mins 0.00 secs,0 years 0 mons 0 days 0 hours 50 mins 0.00 secs,Arrived,97,18900.00,0,0,11
136709,SU9,AAQ,EGO,2017-01-15T09:25:00Z,0 years 0 mons 0 days 0 hours 3 mins 0.00 secs,0 years 0 mons 0 days 0 hours 3 mins 0.00 secs,0 years 0 mons 0 days 0 hours 50 mins 0.00 secs,Arrived,97,6300.00,71,0,0
136709,SU9,AAQ,EGO,2017-01-15T09:25:00Z,0 years 0 mons 0 days 0 hours 3 mins 0.00 secs,0 years 0 mons 0 days 0 hours 3 mins 0.00 secs,0 years 0 mons 0 days 0 hours 50 mins 0.00 secs,Arrived,97,6900.00,5,0,0
136709,SU9,AAQ,EGO,2017-01-15T09:25:00Z,0 years 0 mons 0 days 0 hours 3 mins 0.00 secs,0 years 0 mons 0 days 0 hours 3 mins 0.00 secs,0 years 0 mons 0 days 0 hours 50 mins 0.00 secs,Arrived,97,18900.00,0,0,11
136720,SU9,AAQ,EGO,2017-01-26T09:25:00Z,0 years 0 mons 0 days 0 hours 4 mins 0.00 secs,0 years 0 mons 0 days 0 hours 4 mins 0.00 secs,0 years 0 mons 0 days 0 hours 50 mins 0.00 secs,Arrived,97,6300.00,78,0,0
136720,SU9,AAQ,EGO,2017-01-26T09:25:00Z,0 years 0 mons 0 days 0 hours 4 mins 0.00 secs,0 years 0 mons 0 days 0 hours 4 mins 0.00 secs,0 years 0 mons 0 days 0 hours 50 mins 0.00 secs,Arrived,97,6900.00,5,0,0
136720,SU9,AAQ,EGO,2017-01-26T09:25:00Z,0 years 0 mons 0 days 0 hours 4 mins 0.00 secs,0 years 0 mons 0 days 0 hours 4 mins 0.00 secs,0 years 0 mons 0 days 0 hours 50 mins 0.00 secs,Arrived,97,18900.00,0,0,12
136729,SU9,AAQ,EGO,2017-01-29T09:25:00Z,0 years 0 mons 0 days 0 hours 4 mins 0.00 secs,0 years 0 mons 0 days 0 hours 4 mins 0.00 secs,0 years 0 mons 0 days 0 hours 50 mins 0.00 secs,Arrived,97,6300.00,73,0,0
136729,SU9,AAQ,EGO,2017-01-29T09:25:00Z,0 years 0 mons 0 days 0 hours 4 mins 0.00 secs,0 years 0 mons 0 days 0 hours 4 mins 0.00 secs,0 years 0 mons 0 days 0 hours 50 mins 0.00 secs,Arrived,97,6900.00,4,0,0
136729,SU9,AAQ,EGO,2017-01-29T09:25:00Z,0 years 0 mons 0 days 0 hours 4 mins 0.00 secs,0 years 0 mons 0 days 0 hours 4 mins 0.00 secs,0 years 0 mons 0 days 0 hours 50 mins 0.00 secs,Arrived,97,18900.00,0,0,11
136733,SU9,AAQ,EGO,2017-01-09T09:25:00Z,0 years 0 mons 0 days 0 hours 2 mins 0.00 secs,0 years 0 mons 0 days 0 hours 3 mins 0.00 secs,0 years 0 mons 0 days 0 hours 51 mins 0.00 secs,Arrived,97,6300.00,77,0,0
136733,SU9,AAQ,EGO,2017-01-09T09:25:00Z,0 years 0 mons 0 days 0 hours 2 mins 0.00 secs,0 years 0 mons 0 days 0 hours 3 mins 0.00 secs,0 years 0 mons 0 days 0 hours 51 mins 0.00 secs,Arrived,97,6900.00,5,0,0
136733,SU9,AAQ,EGO,2017-01-09T09:25:00Z,0 years 0 mons 0 days 0 hours 2 mins 0.00 secs,0 years 0 mons 0 days 0 hours 3 mins 0.00 secs,0 years 0 mons 0 days 0 hours 51 mins 0.00 secs,Arrived,97,18900.00,0,0,12
136754,SU9,AAQ,EGO,2017-02-06T09:25:00Z,0 years 0 mons 0 days 0 hours 4 mins 0.00 secs,0 years 0 mons 0 days 0 hours 3 mins 0.00 secs,0 years 0 mons 0 days 0 hours 49 mins 0.00 secs,Arrived,97,6300.00,73,0,0
136754,SU9,AAQ,EGO,2017-02-06T09:25:00Z,0 years 0 mons 0 days 0 hours 4 mins 0.00 secs,0 years 0 mons 0 days 0 hours 3 mins 0.00 secs,0 years 0 mons 0 days 0 hours 49 mins 0.00 secs,Arrived,97,6900.00,5,0,0
136754,SU9,AAQ,EGO,2017-02-06T09:25:00Z,0 years 0 mons 0 days 0 hours 4 mins 0.00 secs,0 years 0 mons 0 days 0 hours 3 mins 0.00 secs,0 years 0 mons 0 days 0 hours 49 mins 0.00 secs,Arrived,97,18900.00,0,0,12
136755,SU9,AAQ,EGO,2017-01-21T09:25:00Z,0 years 0 mons 0 days 0 hours 5 mins 0.00 secs,0 years 0 mons 0 days 0 hours 5 mins 0.00 secs,0 years 0 mons 0 days 0 hours 50 mins 0.00 secs,Arrived,97,6300.00,80,0,0
136755,SU9,AAQ,EGO,2017-01-21T09:25:00Z,0 years 0 mons 0 days 0 hours 5 mins 0.00 secs,0 years 0 mons 0 days 0 hours 5 mins 0.00 secs,0 years 0 mons 0 days 0 hours 50 mins 0.00 secs,Arrived,97,6900.00,5,0,0
136755,SU9,AAQ,EGO,2017-01-21T09:25:00Z,0 years 0 mons 0 days 0 hours 5 mins 0.00 secs,0 years 0 mons 0 days 0 hours 5 mins 0.00 secs,0 years 0 mons 0 days 0 hours 50 mins 0.00 secs,Arrived,97,18900.00,0,0,12
136757,SU9,AAQ,EGO,2017-01-27T09:25:00Z,0 years 0 mons 0 days 0 hours 5 mins 0.00 secs,0 years 0 mons 0 days 0 hours 4 mins 0.00 secs,0 years 0 mons 0 days 0 hours 49 mins 0.00 secs,Arrived,97,6300.00,80,0,0
136757,SU9,AAQ,EGO,2017-01-27T09:25:00Z,0 years 0 mons 0 days 0 hours 5 mins 0.00 secs,0 years 0 mons 0 days 0 hours 4 mins 0.00 secs,0 years 0 mons 0 days 0 hours 49 mins 0.00 secs,Arrived,97,6900.00,5,0,0
136757,SU9,AAQ,EGO,2017-01-27T09:25:00Z,0 years 0 mons 0 days 0 hours 5 mins 0.00 secs,0 years 0 mons 0 days 0 hours 4 mins 0.00 secs,0 years 0 mons 0 days 0 hours 49 mins 0.00 secs,Arrived,97,18900.00,0,0,12
136758,SU9,AAQ,EGO,2017-01-12T09:25:00Z,0 years 0 mons 0 days 0 hours 1 mins 0.00 secs,0 years 0 mons 0 days 0 hours 0 mins 0.00 secs,0 years 0 mons 0 days 0 hours 49 mins 0.00 secs,Arrived,97,6300.00,80,0,0
136758,SU9,AAQ,EGO,2017-01-12T09:25:00Z,0 years 0 mons 0 days 0 hours 1 mins 0.00 secs,0 years 0 mons 0 days 0 hours 0 mins 0.00 secs,0 years 0 mons 0 days 0 hours 49 mins 0.00 secs,Arrived,97,6900.00,5,0,0
136758,SU9,AAQ,EGO,2017-01-12T09:25:00Z,0 years 0 mons 0 days 0 hours 1 mins 0.00 secs,0 years 0 mons 0 days 0 hours 0 mins 0.00 secs,0 years 0 mons 0 days 0 hours 49 mins 0.00 secs,Arrived,97,18900.00,0,0,12
136767,SU9,AAQ,EGO,2017-01-23T09:25:00Z,0 years 0 mons 0 days 0 hours 2 mins 0.00 secs,0 years 0 mons 0 days 0 hours 3 mins 0.00 secs,0 years 0 mons 0 days 0 hours 51 mins 0.00 secs,Arrived,97,6300.00,69,0,0
136767,SU9,AAQ,EGO,2017-01-23T09:25:00Z,0 years 0 mons 0 days 0 hours 2 mins 0.00 secs,0 years 0 mons 0 days 0 hours 3 mins 0.00 secs,0 years 0 mons 0 days 0 hours 51 mins 0.00 secs,Arrived,97,6900.00,4,0,0
136767,SU9,AAQ,EGO,2017-01-23T09:25:00Z,0 years 0 mons 0 days 0 hours 2 mins 0.00 secs,0 years 0 mons 0 days 0 hours 3 mins 0.00 secs,0 years 0 mons 0 days 0 hours 51 mins 0.00 secs,Arrived,97,18900.00,0,0,10
136769,SU9,AAQ,EGO,2017-02-10T09:25:00Z,0 years 0 mons 0 days 0 hours 5 mins 0.00 secs,0 years 0 mons 0 days 0 hours 6 mins 0.00 secs,0 years 0 mons 0 days 0 hours 51 mins 0.00 secs,Arrived,97,6300.00,72,0,0
136769,SU9,AAQ,EGO,2017-02-10T09:25:00Z,0 years 0 mons 0 days 0 hours 5 mins 0.00 secs,0 years 0 mons 0 days 0 hours 6 mins 0.00 secs,0 years 0 mons 0 days 0 hours 51 mins 0.00 secs,Arrived,97,6900.00,5,0,0
136769,SU9,AAQ,EGO,2017-02-10T09:25:00Z,0 years 0 mons 0 days 0 hours 5 mins 0.00 secs,0 years 0 mons 0 days 0 hours 6 mins 0.00 secs,0 years 0 mons 0 days 0 hours 51 mins 0.00 secs,Arrived,97,18900.00,0,0,11
136778,SU9,AAQ,EGO,2017-02-22T09:25:00Z,0 years 0 mons 0 days 0 hours 1 mins 0.00 secs,0 years 0 mons 0 days 0 hours 1 mins 0.00 secs,0 years 0 mons 0 days 0 hours 50 mins 0.00 secs,Arrived,97,6300.00,79,0,0
136778,SU9,AAQ,EGO,2017-02-22T09:25:00Z,0 years 0 mons 0 days 0 hours 1 mins 0.00 secs,0 years 0 mons 0 days 0 hours 1 mins 0.00 secs,0 years 0 mons 0 days 0 hours 50 mins 0.00 secs,Arrived,97,6900.00,5,0,0
136778,SU9,AAQ,EGO,2017-02-22T09:25:00Z,0 years 0 mons 0 days 0 hours 1 mins 0.00 secs,0 years 0 mons 0 days 0 hours 1 mins 0.00 secs,0 years 0 mons 0 days 0 hours 50 mins 0.00 secs,Arrived,97,18900.00,0,0,12
136780,SU9,AAQ,EGO,2017-02-24T09:25:00Z,0 years 0 mons 0 days 0 hours 5 mins 0.00 secs,0 years 0 mons 0 days 0 hours 5 mins 0.00 secs,0 years 0 mons 0 days 0 hours 50 mins 0.00 secs,Arrived,97,6300.00,72,0,0
136780,SU9,AAQ,EGO,2017-02-24T09:25:00Z,0 years 0 mons 0 days 0 hours 5 mins 0.00 secs,0 years 0 mons 0 days 0 hours 5 mins 0.00 secs,0 years 0 mons 0 days 0 hours 50 mins 0.00 secs,Arrived,97,6900.00,5,0,0
136780,SU9,AAQ,EGO,2017-02-24T09:25:00Z,0 years 0 mons 0 days 0 hours 5 mins 0.00 secs,0 years 0 mons 0 days 0 hours 5 mins 0.00 secs,0 years 0 mons 0 days 0 hours 50 mins 0.00 secs,Arrived,97,18900.00,0,0,12
136781,SU9,AAQ,EGO,2017-01-14T09:25:00Z,0 years 0 mons 0 days 0 hours 1 mins 0.00 secs,0 years 0 mons 0 days 0 hours 1 mins 0.00 secs,0 years 0 mons 0 days 0 hours 50 mins 0.00 secs,Arrived,97,6300.00,80,0,0
136781,SU9,AAQ,EGO,2017-01-14T09:25:00Z,0 years 0 mons 0 days 0 hours 1 mins 0.00 secs,0 years 0 mons 0 days 0 hours 1 mins 0.00 secs,0 years 0 mons 0 days 0 hours 50 mins 0.00 secs,Arrived,97,6900.00,5,0,0
136781,SU9,AAQ,EGO,2017-01-14T09:25:00Z,0 years 0 mons 0 days 0 hours 1 mins 0.00 secs,0 years 0 mons 0 days 0 hours 1 mins 0.00 secs,0 years 0 mons 0 days 0 hours 50 mins 0.00 secs,Arrived,97,18900.00,0,0,12
136802,SU9,AAQ,EGO,2017-02-26T09:25:00Z,0 years 0 mons 0 days 0 hours 7 mins 0.00 secs,0 years 0 mons 0 days 0 hours 7 mins 0.00 secs,0 years 0 mons 0 days 0 hours 50 mins 0.00 secs,Arrived,97,6300.00,80,0,0
136802,SU9,AAQ,EGO,2017-02-26T09:25:00Z,0 years 0 mons 0 days 0 hours 7 mins 0.00 secs,0 years 0 mons 0 days 0 hours 7 mins 0.00 secs,0 years 0 mons 0 days 0 hours 50 mins 0.00 secs,Arrived,97,6900.00,5,0,0
136802,SU9,AAQ,EGO,2017-02-26T09:25:00Z,0 years 0 mons 0 days 0 hours 7 mins 0.00 secs,0 years 0 mons 0 days 0 hours 7 mins 0.00 secs,0 years 0 mons 0 days 0 hours 50 mins 0.00 secs,Arrived,97,18900.00,0,0,11
136807,SU9,AAQ,EGO,2017-02-23T09:25:00Z,0 years 0 mons 0 days 0 hours 3 mins 0.00 secs,0 years 0 mons 0 days 0 hours 3 mins 0.00 secs,0 years 0 mons 0 days 0 hours 50 mins 0.00 secs,Arrived,97,6300.00,57,0,0
136807,SU9,AAQ,EGO,2017-02-23T09:25:00Z,0 years 0 mons 0 days 0 hours 3 mins 0.00 secs,0 years 0 mons 0 days 0 hours 3 mins 0.00 secs,0 years 0 mons 0 days 0 hours 50 mins 0.00 secs,Arrived,97,6900.00,3,0,0
136807,SU9,AAQ,EGO,2017-02-23T09:25:00Z,0 years 0 mons 0 days 0 hours 3 mins 0.00 secs,0 years 0 mons 0 days 0 hours 3 mins 0.00 secs,0 years 0 mons 0 days 0 hours 50 mins 0.00 secs,Arrived,97,18900.00,0,0,8
136815,SU9,AAQ,EGO,2017-02-19T09:25:00Z,0 years 0 mons 0 days 0 hours 1 mins 0.00 secs,0 years 0 mons 0 days 0 hours 2 mins 0.00 secs,0 years 0 mons 0 days 0 hours 51 mins 0.00 secs,Arrived,97,6300.00,80,0,0
136815,SU9,AAQ,EGO,2017-02-19T09:25:00Z,0 years 0 mons 0 days 0 hours 1 mins 0.00 secs,0 years 0 mons 0 days 0 hours 2 mins 0.00 secs,0 years 0 mons 0 days 0 hours 51 mins 0.00 secs,Arrived,97,6900.00,5,0,0
136815,SU9,AAQ,EGO,2017-02-19T09:25:00Z,0 years 0 mons 0 days 0 hours 1 mins 0.00 secs,0 years 0 mons 0 days 0 hours 2 mins 0.00 secs,0 years 0 mons 0 days 0 hours 51 mins 0.00 secs,Arrived,97,18900.00,0,0,12
136819,SU9,AAQ,EGO,2017-01-04T09:25:00Z,0 years 0 mons 0 days 0 hours 4 mins 0.00 secs,0 years 0 mons 0 days 0 hours 4 mins 0.00 secs,0 years 0 mons 0 days 0 hours 50 mins 0.00 secs,Arrived,97,6300.00,79,0,0
136819,SU9,AAQ,EGO,2017-01-04T09:25:00Z,0 years 0 mons 0 days 0 hours 4 mins 0.00 secs,0 years 0 mons 0 days 0 hours 4 mins 0.00 secs,0 years 0 mons 0 days 0 hours 50 mins 0.00 secs,Arrived,97,6900.00,5,0,0
136819,SU9,AAQ,EGO,2017-01-04T09:25:00Z,0 years 0 mons 0 days 0 hours 4 mins 0.00 secs,0 years 0 mons 0 days 0 hours 4 mins 0.00 secs,0 years 0 mons 0 days 0 hours 50 mins 0.00 secs,Arrived,97,18900.00,0,0,12
136823,SU9,AAQ,EGO,2017-02-05T09:25:00Z,0 years 0 mons 0 days 0 hours 2 mins 0.00 secs,0 years 0 mons 0 days 0 hours 3 mins 0.00 secs,0 years 0 mons 0 days 0 hours 51 mins 0.00 secs,Arrived,97,6300.00,63,0,0
136823,SU9,AAQ,EGO,2017-02-05T09:25:00Z,0 years 0 mons 0 days 0 hours 2 mins 0.00 secs,0 years 0 mons 0 days 0 hours 3 mins 0.00 secs,0 years 0 mons 0 days 0 hours 51 mins 0.00 secs,Arrived,97,6900.00,5,0,0
136823,SU9,AAQ,EGO,2017-02-05T09:25:00Z,0 years 0 mons 0 days 0 hours 2 mins 0.00 secs,0 years 0 mons 0 days 0 hours 3 mins 0.00 secs,0 years 0 mons 0 days 0 hours 51 mins 0.00 secs,Arrived,97,18900.00,0,0,10
136827,SU9,AAQ,EGO,2017-02-18T09:25:00Z,0 years 0 mons 0 days 0 hours 1 mins 0.00 secs,0 years 0 mons 0 days 0 hours 2 mins 0.00 secs,0 years 0 mons 0 days 0 hours 51 mins 0.00 secs,Arrived,97,6300.00,80,0,0
136827,SU9,AAQ,EGO,2017-02-18T09:25:00Z,0 years 0 mons 0 days 0 hours 1 mins 0.00 secs,0 years 0 mons 0 days 0 hours 2 mins 0.00 secs,0 years 0 mons 0 days 0 hours 51 mins 0.00 secs,Arrived,97,6900.00,5,0,0
136827,SU9,AAQ,EGO,2017-02-18T09:25:00Z,0 years 0 mons 0 days 0 hours 1 mins 0.00 secs,0 years 0 mons 0 days 0 hours 2 mins 0.00 secs,0 years 0 mons 0 days 0 hours 51 mins 0.00 secs,Arrived,97,18900.00,0,0,12
136838,SU9,AAQ,EGO,2017-01-24T09:25:00Z,0 years 0 mons 0 days 0 hours 5 mins 0.00 secs,0 years 0 mons 0 days 0 hours 6 mins 0.00 secs,0 years 0 mons 0 days 0 hours 51 mins 0.00 secs,Arrived,97,6300.00,72,0,0
136838,SU9,AAQ,EGO,2017-01-24T09:25:00Z,0 years 0 mons 0 days 0 hours 5 mins 0.00 secs,0 years 0 mons 0 days 0 hours 6 mins 0.00 secs,0 years 0 mons 0 days 0 hours 51 mins 0.00 secs,Arrived,97,6900.00,4,0,0
136838,SU9,AAQ,EGO,2017-01-24T09:25:00Z,0 years 0 mons 0 days 0 hours 5 mins 0.00 secs,0 years 0 mons 0 days 0 hours 6 mins 0.00 secs,0 years 0 mons 0 days 0 hours 51 mins 0.00 secs,Arrived,97,18900.00,0,0,10
136841,SU9,AAQ,EGO,2017-02-07T09:25:00Z,0 years 0 mons 0 days 0 hours 0 mins 0.00 secs,0 years 0 mons 0 days 0 hours 1 mins 0.00 secs,0 years 0 mons 0 days 0 hours 51 mins 0.00 secs,Arrived,97,6300.00,80,0,0
136841,SU9,AAQ,EGO,2017-02-07T09:25:00Z,0 years 0 mons 0 days 0 hours 0 mins 0.00 secs,0 years 0 mons 0 days 0 hours 1 mins 0.00 secs,0 years 0 mons 0 days 0 hours 51 mins 0.00 secs,Arrived,97,6900.00,5,0,0
136841,SU9,AAQ,EGO,2017-02-07T09:25:00Z,0 years 0 mons 0 days 0 hours 0 mins 0.00 secs,0 years 0 mons 0 days 0 hours 1 mins 0.00 secs,0 years 0 mons 0 days 0 hours 51 mins 0.00 secs,Arrived,97,18900.00,0,0,12
136844,SU9,AAQ,EGO,2017-02-28T09:25:00Z,0 years 0 mons 0 days 0 hours 1 mins 0.00 secs,0 years 0 mons 0 days 0 hours 1 mins 0.00 secs,0 years 0 mons 0 days 0 hours 50 mins 0.00 secs,Arrived,97,6300.00,70,0,0
136844,SU9,AAQ,EGO,2017-02-28T09:25:00Z,0 years 0 mons 0 days 0 hours 1 mins 0.00 secs,0 years 0 mons 0 days 0 hours 1 mins 0.00 secs,0 years 0 mons 0 days 0 hours 50 mins 0.00 secs,Arrived,97,6900.00,3,0,0
136844,SU9,AAQ,EGO,2017-02-28T09:25:00Z,0 years 0 mons 0 days 0 hours 1 mins 0.00 secs,0 years 0 mons 0 days 0 hours 1 mins 0.00 secs,0 years 0 mons 0 days 0 hours 50 mins 0.00 secs,Arrived,97,18900.00,0,0,6
136855,SU9,AAQ,EGO,2017-01-11T09:25:00Z,0 years 0 mons 0 days 2 hours 42 mins 0.00 secs,0 years 0 mons 0 days 2 hours 42 mins 0.00 secs,0 years 0 mons 0 days 0 hours 50 mins 0.00 secs,Arrived,97,6300.00,70,0,0
136855,SU9,AAQ,EGO,2017-01-11T09:25:00Z,0 years 0 mons 0 days 2 hours 42 mins 0.00 secs,0 years 0 mons 0 days 2 hours 42 mins 0.00 secs,0 years 0 mons 0 days 0 hours 50 mins 0.00 secs,Arrived,97,6900.00,5,0,0
136855,SU9,AAQ,EGO,2017-01-11T09:25:00Z,0 years 0 mons 0 days 2 hours 42 mins 0.00 secs,0 years 0 mons 0 days 2 hours 42 mins 0.00 secs,0 years 0 mons 0 days 0 hours 50 mins 0.00 secs,Arrived,97,18900.00,0,0,12
136857,SU9,AAQ,EGO,2017-02-13T09:25:00Z,0 years 0 mons 0 days 0 hours 6 mins 0.00 secs,0 years 0 mons 0 days 0 hours 6 mins 0.00 secs,0 years 0 mons 0 days 0 hours 50 mins 0.00 secs,Arrived,97,6300.00,80,0,0
136857,SU9,AAQ,EGO,2017-02-13T09:25:00Z,0 years 0 mons 0 days 0 hours 6 mins 0.00 secs,0 years 0 mons 0 days 0 hours 6 mins 0.00 secs,0 years 0 mons 0 days 0 hours 50 mins 0.00 secs,Arrived,97,6900.00,5,0,0
136857,SU9,AAQ,EGO,2017-02-13T09:25:00Z,0 years 0 mons 0 days 0 hours 6 mins 0.00 secs,0 years 0 mons 0 days 0 hours 6 mins 0.00 secs,0 years 0 mons 0 days 0 hours 50 mins 0.00 secs,Arrived,97,18900.00,0,0,12
136861,SU9,AAQ,EGO,2017-02-12T09:25:00Z,0 years 0 mons 0 days 0 hours 3 mins 0.00 secs,0 years 0 mons 0 days 0 hours 2 mins 0.00 secs,0 years 0 mons 0 days 0 hours 49 mins 0.00 secs,Arrived,97,6300.00,72,0,0
136861,SU9,AAQ,EGO,2017-02-12T09:25:00Z,0 years 0 mons 0 days 0 hours 3 mins 0.00 secs,0 years 0 mons 0 days 0 hours 2 mins 0.00 secs,0 years 0 mons 0 days 0 hours 49 mins 0.00 secs,Arrived,97,6900.00,4,0,0
136861,SU9,AAQ,EGO,2017-02-12T09:25:00Z,0 years 0 mons 0 days 0 hours 3 mins 0.00 secs,0 years 0 mons 0 days 0 hours 2 mins 0.00 secs,0 years 0 mons 0 days 0 hours 49 mins 0.00 secs,Arrived,97,18900.00,0,0,11
136869,SU9,AAQ,EGO,2017-01-31T09:25:00Z,0 years 0 mons 0 days 0 hours 1 mins 0.00 secs,0 years 0 mons 0 days 0 hours 1 mins 0.00 secs,0 years 0 mons 0 days 0 hours 50 mins 0.00 secs,Arrived,97,6300.00,80,0,0
136869,SU9,AAQ,EGO,2017-01-31T09:25:00Z,0 years 0 mons 0 days 0 hours 1 mins 0.00 secs,0 years 0 mons 0 days 0 hours 1 mins 0.00 secs,0 years 0 mons 0 days 0 hours 50 mins 0.00 secs,Arrived,97,6900.00,5,0,0
136869,SU9,AAQ,EGO,2017-01-31T09:25:00Z,0 years 0 mons 0 days 0 hours 1 mins 0.00 secs,0 years 0 mons 0 days 0 hours 1 mins 0.00 secs,0 years 0 mons 0 days 0 hours 50 mins 0.00 secs,Arrived,97,18900.00,0,0,12
136871,SU9,AAQ,EGO,2017-01-13T09:25:00Z,0 years 0 mons 0 days 0 hours 3 mins 0.00 secs,0 years 0 mons 0 days 0 hours 3 mins 0.00 secs,0 years 0 mons 0 days 0 hours 50 mins 0.00 secs,Arrived,97,6300.00,80,0,0
136871,SU9,AAQ,EGO,2017-01-13T09:25:00Z,0 years 0 mons 0 days 0 hours 3 mins 0.00 secs,0 years 0 mons 0 days 0 hours 3 mins 0.00 secs,0 years 0 mons 0 days 0 hours 50 mins 0.00 secs,Arrived,97,6900.00,5,0,0
136871,SU9,AAQ,EGO,2017-01-13T09:25:00Z,0 years 0 mons 0 days 0 hours 3 mins 0.00 secs,0 years 0 mons 0 days 0 hours 3 mins 0.00 secs,0 years 0 mons 0 days 0 hours 50 mins 0.00 secs,Arrived,97,18900.00,0,0,12
136875,SU9,AAQ,EGO,2017-02-16T09:25:00Z,0 years 0 mons 0 days 0 hours 4 mins 0.00 secs,0 years 0 mons 0 days 0 hours 4 mins 0.00 secs,0 years 0 mons 0 days 0 hours 50 mins 0.00 secs,Arrived,97,6300.00,80,0,0
136875,SU9,AAQ,EGO,2017-02-16T09:25:00Z,0 years 0 mons 0 days 0 hours 4 mins 0.00 secs,0 years 0 mons 0 days 0 hours 4 mins 0.00 secs,0 years 0 mons 0 days 0 hours 50 mins 0.00 secs,Arrived,97,6900.00,5,0,0
136875,SU9,AAQ,EGO,2017-02-16T09:25:00Z,0 years 0 mons 0 days 0 hours 4 mins 0.00 secs,0 years 0 mons 0 days 0 hours 4 mins 0.00 secs,0 years 0 mons 0 days 0 hours 50 mins 0.00 secs,Arrived,97,18900.00,0,0,12
136887,SU9,AAQ,EGO,2017-01-20T09:25:00Z,0 years 0 mons 0 days 0 hours 5 mins 0.00 secs,0 years 0 mons 0 days 0 hours 4 mins 0.00 secs,0 years 0 mons 0 days 0 hours 49 mins 0.00 secs,Arrived,97,6300.00,65,0,0
136887,SU9,AAQ,EGO,2017-01-20T09:25:00Z,0 years 0 mons 0 days 0 hours 5 mins 0.00 secs,0 years 0 mons 0 days 0 hours 4 mins 0.00 secs,0 years 0 mons 0 days 0 hours 49 mins 0.00 secs,Arrived,97,6900.00,5,0,0
136887,SU9,AAQ,EGO,2017-01-20T09:25:00Z,0 years 0 mons 0 days 0 hours 5 mins 0.00 secs,0 years 0 mons 0 days 0 hours 4 mins 0.00 secs,0 years 0 mons 0 days 0 hours 49 mins 0.00 secs,Arrived,97,18900.00,0,0,8
136888,SU9,AAQ,EGO,2017-02-14T09:25:00Z,0 years 0 mons 0 days 0 hours 4 mins 0.00 secs,0 years 0 mons 0 days 0 hours 4 mins 0.00 secs,0 years 0 mons 0 days 0 hours 50 mins 0.00 secs,Arrived,97,6300.00,65,0,0
136888,SU9,AAQ,EGO,2017-02-14T09:25:00Z,0 years 0 mons 0 days 0 hours 4 mins 0.00 secs,0 years 0 mons 0 days 0 hours 4 mins 0.00 secs,0 years 0 mons 0 days 0 hours 50 mins 0.00 secs,Arrived,97,6900.00,4,0,0
136888,SU9,AAQ,EGO,2017-02-14T09:25:00Z,0 years 0 mons 0 days 0 hours 4 mins 0.00 secs,0 years 0 mons 0 days 0 hours 4 mins 0.00 secs,0 years 0 mons 0 days 0 hours 50 mins 0.00 secs,Arrived,97,18900.00,0,0,10
136900,SU9,AAQ,EGO,2017-02-01T09:25:00Z,0 years 0 mons 0 days 0 hours 5 mins 0.00 secs,0 years 0 mons 0 days 0 hours 6 mins 0.00 secs,0 years 0 mons 0 days 0 hours 51 mins 0.00 secs,Arrived,97,6300.00,80,0,0
136900,SU9,AAQ,EGO,2017-02-01T09:25:00Z,0 years 0 mons 0 days 0 hours 5 mins 0.00 secs,0 years 0 mons 0 days 0 hours 6 mins 0.00 secs,0 years 0 mons 0 days 0 hours 51 mins 0.00 secs,Arrived,97,6900.00,5,0,0
136900,SU9,AAQ,EGO,2017-02-01T09:25:00Z,0 years 0 mons 0 days 0 hours 5 mins 0.00 secs,0 years 0 mons 0 days 0 hours 6 mins 0.00 secs,0 years 0 mons 0 days 0 hours 51 mins 0.00 secs,Arrived,97,18900.00,0,0,12
136907,SU9,AAQ,EGO,2017-01-16T09:25:00Z,0 years 0 mons 0 days 0 hours 6 mins 0.00 secs,0 years 0 mons 0 days 0 hours 7 mins 0.00 secs,0 years 0 mons 0 days 0 hours 51 mins 0.00 secs,Arrived,97,6300.00,79,0,0
136907,SU9,AAQ,EGO,2017-01-16T09:25:00Z,0 years 0 mons 0 days 0 hours 6 mins 0.00 secs,0 years 0 mons 0 days 0 hours 7 mins 0.00 secs,0 years 0 mons 0 days 0 hours 51 mins 0.00 secs,Arrived,97,6900.00,5,0,0
136907,SU9,AAQ,EGO,2017-01-16T09:25:00Z,0 years 0 mons 0 days 0 hours 6 mins 0.00 secs,0 years 0 mons 0 days 0 hours 7 mins 0.00 secs,0 years 0 mons 0 days 0 hours 51 mins 0.00 secs,Arrived,97,18900.00,0,0,12
136922,SU9,AAQ,EGO,2017-02-11T09:25:00Z,0 years 0 mons 0 days 0 hours 2 mins 0.00 secs,0 years 0 mons 0 days 0 hours 2 mins 0.00 secs,0 years 0 mons 0 days 0 hours 50 mins 0.00 secs,Arrived,97,6300.00,61,0,0
136922,SU9,AAQ,EGO,2017-02-11T09:25:00Z,0 years 0 mons 0 days 0 hours 2 mins 0.00 secs,0 years 0 mons 0 days 0 hours 2 mins 0.00 secs,0 years 0 mons 0 days 0 hours 50 mins 0.00 secs,Arrived,97,6900.00,5,0,0
136922,SU9,AAQ,EGO,2017-02-11T09:25:00Z,0 years 0 mons 0 days 0 hours 2 mins 0.00 secs,0 years 0 mons 0 days 0 hours 2 mins 0.00 secs,0 years 0 mons 0 days 0 hours 50 mins 0.00 secs,Arrived,97,18900.00,0,0,10
136927,SU9,AAQ,EGO,2017-01-22T09:25:00Z,0 years 0 mons 0 days 0 hours 3 mins 0.00 secs,0 years 0 mons 0 days 0 hours 4 mins 0.00 secs,0 years 0 mons 0 days 0 hours 51 mins 0.00 secs,Arrived,97,6300.00,80,0,0
136927,SU9,AAQ,EGO,2017-01-22T09:25:00Z,0 years 0 mons 0 days 0 hours 3 mins 0.00 secs,0 years 0 mons 0 days 0 hours 4 mins 0.00 secs,0 years 0 mons 0 days 0 hours 51 mins 0.00 secs,Arrived,97,6900.00,5,0,0
136927,SU9,AAQ,EGO,2017-01-22T09:25:00Z,0 years 0 mons 0 days 0 hours 3 mins 0.00 secs,0 years 0 mons 0 days 0 hours 4 mins 0.00 secs,0 years 0 mons 0 days 0 hours 51 mins 0.00 secs,Arrived,97,18900.00,0,0,12
136936,SU9,AAQ,EGO,2017-01-02T09:25:00Z,0 years 0 mons 0 days 0 hours 3 mins 0.00 secs,0 years 0 mons 0 days 0 hours 3 mins 0.00 secs,0 years 0 mons 0 days 0 hours 50 mins 0.00 secs,Arrived,97,6300.00,69,0,0
136936,SU9,AAQ,EGO,2017-01-02T09:25:00Z,0 years 0 mons 0 days 0 hours 3 mins 0.00 secs,0 years 0 mons 0 days 0 hours 3 mins 0.00 secs,0 years 0 mons 0 days 0 hours 50 mins 0.00 secs,Arrived,97,6900.00,4,0,0
136936,SU9,AAQ,EGO,2017-01-02T09:25:00Z,0 years 0 mons 0 days 0 hours 3 mins 0.00 secs,0 years 0 mons 0 days 0 hours 3 mins 0.00 secs,0 years 0 mons 0 days 0 hours 50 mins 0.00 secs,Arrived,97,18900.00,0,0,9
136937,SU9,AAQ,EGO,2017-01-03T09:25:00Z,0 years 0 mons 0 days 0 hours 4 mins 0.00 secs,0 years 0 mons 0 days 0 hours 4 mins 0.00 secs,0 years 0 mons 0 days 0 hours 50 mins 0.00 secs,Arrived,97,6300.00,68,0,0
136937,SU9,AAQ,EGO,2017-01-03T09:25:00Z,0 years 0 mons 0 days 0 hours 4 mins 0.00 secs,0 years 0 mons 0 days 0 hours 4 mins 0.00 secs,0 years 0 mons 0 days 0 hours 50 mins 0.00 secs,Arrived,97,6900.00,4,0,0
136937,SU9,AAQ,EGO,2017-01-03T09:25:00Z,0 years 0 mons 0 days 0 hours 4 mins 0.00 secs,0 years 0 mons 0 days 0 hours 4 mins 0.00 secs,0 years 0 mons 0 days 0 hours 50 mins 0.00 secs,Arrived,97,18900.00,0,0,9
136951,SU9,AAQ,EGO,2017-02-02T09:25:00Z,0 years 0 mons 0 days 0 hours 3 mins 0.00 secs,0 years 0 mons 0 days 0 hours 2 mins 0.00 secs,0 years 0 mons 0 days 0 hours 49 mins 0.00 secs,Arrived,97,6300.00,74,0,0
136951,SU9,AAQ,EGO,2017-02-02T09:25:00Z,0 years 0 mons 0 days 0 hours 3 mins 0.00 secs,0 years 0 mons 0 days 0 hours 2 mins 0.00 secs,0 years 0 mons 0 days 0 hours 49 mins 0.00 secs,Arrived,97,6900.00,4,0,0
136951,SU9,AAQ,EGO,2017-02-02T09:25:00Z,0 years 0 mons 0 days 0 hours 3 mins 0.00 secs,0 years 0 mons 0 days 0 hours 2 mins 0.00 secs,0 years 0 mons 0 days 0 hours 49 mins 0.00 secs,Arrived,97,18900.00,0,0,12
136953,SU9,AAQ,EGO,2017-02-27T09:25:00Z,0 years 0 mons 0 days 0 hours 2 mins 0.00 secs,0 years 0 mons 0 days 0 hours 2 mins 0.00 secs,0 years 0 mons 0 days 0 hours 50 mins 0.00 secs,Arrived,97,6300.00,80,0,0
136953,SU9,AAQ,EGO,2017-02-27T09:25:00Z,0 years 0 mons 0 days 0 hours 2 mins 0.00 secs,0 years 0 mons 0 days 0 hours 2 mins 0.00 secs,0 years 0 mons 0 days 0 hours 50 mins 0.00 secs,Arrived,97,6900.00,5,0,0
136953,SU9,AAQ,EGO,2017-02-27T09:25:00Z,0 years 0 mons 0 days 0 hours 2 mins 0.00 secs,0 years 0 mons 0 days 0 hours 2 mins 0.00 secs,0 years 0 mons 0 days 0 hours 50 mins 0.00 secs,Arrived,97,18900.00,0,0,12
136956,SU9,AAQ,EGO,2017-02-04T09:25:00Z,0 years 0 mons 0 days 0 hours 8 mins 0.00 secs,0 years 0 mons 0 days 0 hours 8 mins 0.00 secs,0 years 0 mons 0 days 0 hours 50 mins 0.00 secs,Arrived,97,6300.00,80,0,0
136956,SU9,AAQ,EGO,2017-02-04T09:25:00Z,0 years 0 mons 0 days 0 hours 8 mins 0.00 secs,0 years 0 mons 0 days 0 hours 8 mins 0.00 secs,0 years 0 mons 0 days 0 hours 50 mins 0.00 secs,Arrived,97,6900.00,5,0,0
136956,SU9,AAQ,EGO,2017-02-04T09:25:00Z,0 years 0 mons 0 days 0 hours 8 mins 0.00 secs,0 years 0 mons 0 days 0 hours 8 mins 0.00 secs,0 years 0 mons 0 days 0 hours 50 mins 0.00 secs,Arrived,97,18900.00,0,0,11
136523,733,AAQ,NOZ,2017-01-10T06:10:00Z,0 years 0 mons 0 days 0 hours 4 mins 0.00 secs,0 years 0 mons 0 days 0 hours 11 mins 0.00 secs,0 years 0 mons 0 days 5 hours 12 mins 0.00 secs,Arrived,130,,,,
136513,733,AAQ,NOZ,2017-02-28T06:10:00Z,0 years 0 mons 0 days 0 hours 3 mins 0.00 secs,0 years 0 mons 0 days 0 hours 8 mins 0.00 secs,0 years 0 mons 0 days 5 hours 10 mins 0.00 secs,Arrived,130,,,,
136514,733,AAQ,NOZ,2017-02-07T06:10:00Z,0 years 0 mons 0 days 0 hours 4 mins 0.00 secs,0 years 0 mons 0 days 0 hours -2 mins -0.00 secs,0 years 0 mons 0 days 4 hours 59 mins 0.00 secs,Arrived,130,,,,
136560,733,AAQ,NOZ,2017-01-24T06:10:00Z,0 years 0 mons 0 days 0 hours 3 mins 0.00 secs,0 years 0 mons 0 days 0 hours 3 mins 0.00 secs,0 years 0 mons 0 days 5 hours 5 mins 0.00 secs,Arrived,130,,,,
136544,733,AAQ,NOZ,2017-01-31T06:10:00Z,0 years 0 mons 0 days 0 hours 0 mins 0.00 secs,0 years 0 mons 0 days 0 hours -1 mins -0.00 secs,0 years 0 mons 0 days 5 hours 4 mins 0.00 secs,Arrived,130,,,,
136511,733,AAQ,NOZ,2017-02-21T06:10:00Z,0 years 0 mons 0 days 0 hours 5 mins 0.00 secs,0 years 0 mons 0 days 0 hours 10 mins 0.00 secs,0 years 0 mons 0 days 5 hours 10 mins 0.00 secs,Arrived,130,,,,
136540,733,AAQ,NOZ,2017-01-17T06:10:00Z,0 years 0 mons 0 days 0 hours 4 mins 0.00 secs,0 years 0 mons 0 days 0 hours 6 mins 0.00 secs,0 years 0 mons 0 days 5 hours 7 mins 0.00 secs,Arrived,130,,,,
136546,733,AAQ,NOZ,2017-01-03T06:10:00Z,0 years 0 mons 0 days 0 hours 3 mins 0.00 secs,0 years 0 mons 0 days 0 hours 0 mins 0.00 secs,0 years 0 mons 0 days 5 hours 2 mins 0.00 secs,Arrived,130,,,,
136567,733,AAQ,NOZ,2017-02-14T06:10:00Z,0 years 0 mons 0 days 0 hours 2 mins 0.00 secs,0 years 0 mons 0 days 0 hours 8 mins 0.00 secs,0 years 0 mons 0 days 5 hours 11 mins 0.00 secs,Arrived,130,,,,
